Date,Price,Open,High,Low,Vol,Change %
2/25/2025,0.21145,0.210216,0.214457,0.196042,4.07B,0.59%
2/24/2025,0.210211,0.242833,0.24393,0.206561,2.54B,-13.43%
2/23/2025,0.242827,0.246576,0.247501,0.240455,625.08M,-1.52%
2/22/2025,0.246577,0.239586,0.247729,0.238212,823.99M,2.93%
2/21/2025,0.239559,0.254737,0.261063,0.234531,1.91B,-5.96%
2/20/2025,0.25474,0.254866,0.25742,0.250098,1.06B,-0.05%
2/19/2025,0.254876,0.251209,0.255351,0.248996,913.84M,1.42%
2/18/2025,0.2513,0.258189,0.25966,0.24239,1.55B,-2.67%
2/17/2025,0.258182,0.265716,0.268627,0.254015,1.26B,-2.84%
2/16/2025,0.265728,0.271776,0.274075,0.263873,842.34M,-2.23%
2/15/2025,0.271794,0.271835,0.282934,0.268399,1.50B,-0.01%
2/14/2025,0.271829,0.262421,0.28546,0.260981,2.19B,3.59%
2/13/2025,0.262417,0.264247,0.267077,0.253466,1.47B,-0.65%
2/12/2025,0.264136,0.253112,0.267113,0.247466,1.94B,4.34%
2/11/2025,0.253144,0.255386,0.269754,0.248857,1.67B,-0.87%
2/10/2025,0.255369,0.248889,0.256257,0.241767,1.31B,2.60%
2/9/2025,0.248892,0.252946,0.259893,0.240069,1.29B,-1.60%
2/8/2025,0.252946,0.246621,0.253949,0.244724,1.05B,2.56%
2/7/2025,0.246627,0.248048,0.261537,0.239082,2.07B,-0.58%
2/6/2025,0.248054,0.256025,0.265834,0.243517,1.84B,-3.11%
2/5/2025,0.256019,0.263625,0.269072,0.253752,1.63B,-2.87%
2/4/2025,0.26359,0.284918,0.288744,0.256045,4.11B,-7.49%
2/3/2025,0.28493,0.267879,0.292848,0.207265,10.04B,6.37%
2/2/2025,0.267872,0.308008,0.314694,0.253103,5.07B,-13.03%
2/1/2025,0.308015,0.328824,0.332099,0.303822,1.35B,-6.33%
1/31/2025,0.328821,0.331504,0.341224,0.32368,1.30B,-0.81%
1/30/2025,0.331504,0.323963,0.338698,0.322382,1.03B,2.33%
1/29/2025,0.323964,0.318723,0.333837,0.317061,1.46B,1.65%
1/28/2025,0.318709,0.333957,0.338927,0.315309,1.45B,-4.56%
1/27/2025,0.333943,0.335961,0.336952,0.307073,3.49B,-0.61%
1/26/2025,0.335993,0.353498,0.357257,0.335951,897.39M,-4.95%
1/25/2025,0.353498,0.350743,0.359857,0.345651,1.06B,0.78%
1/24/2025,0.35076,0.352033,0.364553,0.342994,1.45B,-0.36%
1/23/2025,0.352027,0.362521,0.364311,0.34219,2.18B,-2.90%
1/22/2025,0.362533,0.371904,0.373701,0.355575,2.15B,-2.59%
1/21/2025,0.372172,0.354466,0.398576,0.336012,6.36B,5.01%
1/20/2025,0.354433,0.35893,0.385857,0.345929,5.91B,-1.24%
1/19/2025,0.358882,0.396412,0.409852,0.350807,6.54B,-9.47%
1/18/2025,0.396427,0.415219,0.433456,0.386569,4.72B,-4.53%
1/17/2025,0.415219,0.376295,0.420669,0.375585,3.93B,10.34%
1/16/2025,0.376325,0.385484,0.389726,0.368338,2.84B,-2.39%
1/15/2025,0.385528,0.355792,0.387567,0.348547,2.92B,8.36%
1/14/2025,0.355792,0.338159,0.361556,0.335892,2.42B,5.21%
1/13/2025,0.33816,0.335841,0.345686,0.311998,2.74B,0.69%
1/12/2025,0.335835,0.341021,0.3433,0.331887,1.05B,-1.51%
1/11/2025,0.341,0.333898,0.347992,0.32983,1.04B,2.13%
1/10/2025,0.333904,0.320827,0.339196,0.320827,2.26B,4.08%
1/9/2025,0.320826,0.342214,0.346704,0.314646,2.75B,-6.25%
1/8/2025,0.342228,0.347998,0.355228,0.324961,3.11B,-1.73%
1/7/2025,0.348266,0.387859,0.398011,0.348165,3.52B,-10.22%
1/6/2025,0.387892,0.382103,0.395092,0.376046,1.68B,1.52%
1/5/2025,0.382103,0.394823,0.397515,0.375976,1.48B,-3.21%
1/4/2025,0.394794,0.379676,0.398582,0.377149,2.55B,3.98%
1/3/2025,0.379674,0.33883,0.388925,0.335975,2.99B,12.06%
1/2/2025,0.338828,0.325009,0.344729,0.32465,2.23B,4.25%
1/1/2025,0.325016,0.315956,0.327222,0.311886,1.21B,2.86%
12/31/2024,0.315964,0.313853,0.328516,0.309553,1.68B,0.67%
12/30/2024,0.313868,0.314281,0.322951,0.30693,1.90B,-0.13%
12/29/2024,0.314269,0.324238,0.329441,0.311975,1.30B,-3.07%
12/28/2024,0.324226,0.3118,0.326986,0.311457,1.03B,3.99%
12/27/2024,0.3118,0.312739,0.32465,0.309023,1.63B,-0.30%
12/26/2024,0.31275,0.334255,0.337836,0.308611,1.85B,-6.43%
12/25/2024,0.334245,0.337011,0.341937,0.326731,1.83B,-0.82%
12/24/2024,0.337012,0.32485,0.34028,0.316234,2.30B,3.74%
12/23/2024,0.324847,0.312696,0.328482,0.303143,3.18B,3.89%
12/22/2024,0.312698,0.320071,0.32432,0.305317,3.08B,-2.31%
12/21/2024,0.320086,0.317773,0.3498,0.314287,5.03B,0.72%
12/20/2024,0.317795,0.314338,0.328813,0.264066,9.38B,1.11%
12/19/2024,0.314315,0.358599,0.367161,0.301553,7.48B,-12.35%
12/18/2024,0.358597,0.394218,0.396299,0.352967,3.76B,-9.04%
12/17/2024,0.394257,0.401914,0.41011,0.391316,2.09B,-1.91%
12/16/2024,0.401918,0.40654,0.414696,0.39251,2.35B,-1.08%
12/15/2024,0.406288,0.398366,0.410979,0.392734,1.56B,1.99%
12/14/2024,0.398364,0.408853,0.413932,0.387741,1.97B,-2.57%
12/13/2024,0.408852,0.406093,0.412081,0.399662,2.50B,0.67%
12/12/2024,0.406118,0.414197,0.423948,0.401623,3.39B,-1.96%
12/11/2024,0.414218,0.393944,0.418922,0.375805,4.15B,5.07%
12/10/2024,0.394237,0.414676,0.422706,0.366279,7.18B,-4.93%
12/9/2024,0.414694,0.466621,0.46679,0.388145,7.28B,-11.13%
12/8/2024,0.466631,0.45313,0.483816,0.447472,4.58B,2.98%
12/7/2024,0.453147,0.434834,0.465866,0.43115,4.70B,4.21%
12/6/2024,0.434837,0.427072,0.44142,0.42012,3.88B,1.75%
12/5/2024,0.42735,0.432042,0.46412,0.408226,8.85B,-1.08%
12/4/2024,0.432015,0.406428,0.435813,0.400293,5.02B,6.28%
12/3/2024,0.406497,0.424805,0.429187,0.389852,5.80B,-4.32%
12/2/2024,0.424857,0.440332,0.46195,0.402883,7.50B,-3.40%
12/1/2024,0.439833,0.421669,0.449566,0.41685,4.63B,4.32%
11/30/2024,0.421638,0.425917,0.434848,0.414123,3.38B,-1.00%
11/29/2024,0.425884,0.401559,0.436868,0.399598,4.32B,6.06%
11/28/2024,0.401545,0.401057,0.428533,0.391522,3.68B,0.13%
11/27/2024,0.401031,0.387385,0.407523,0.380561,4.11B,3.52%
11/26/2024,0.387381,0.392549,0.408482,0.366194,5.53B,-1.32%
11/25/2024,0.392579,0.430595,0.436387,0.381113,5.96B,-8.84%
11/24/2024,0.430647,0.430201,0.453263,0.400148,6.76B,0.12%
11/23/2024,0.430151,0.412908,0.479759,0.404847,11.49B,4.19%
11/22/2024,0.412855,0.386658,0.419379,0.381154,8.14B,6.78%
11/21/2024,0.386658,0.377724,0.394993,0.369093,5.32B,2.37%
11/20/2024,0.377709,0.390687,0.396236,0.365567,5.14B,-3.31%
11/19/2024,0.390656,0.371238,0.419794,0.367237,8.18B,5.23%
11/18/2024,0.371238,0.366938,0.380355,0.358051,5.68B,1.23%
11/17/2024,0.36674,0.36396,0.374408,0.340196,5.14B,0.77%
11/16/2024,0.363953,0.3813,0.391017,0.360671,4.93B,-4.55%
11/15/2024,0.3813,0.362314,0.384656,0.35394,8.11B,5.27%
11/14/2024,0.362221,0.399322,0.414568,0.353583,9.35B,-9.29%
11/13/2024,0.399327,0.379912,0.430831,0.355127,16.78B,5.10%
11/12/2024,0.379953,0.350381,0.436869,0.330961,22.95B,8.45%
11/11/2024,0.35036,0.277409,0.35036,0.274043,14.68B,26.24%
11/10/2024,0.277531,0.21894,0.297399,0.216676,13.78B,26.77%
11/9/2024,0.218925,0.202031,0.219905,0.197541,4.72B,8.37%
11/8/2024,0.20202,0.193221,0.207006,0.19069,4.64B,4.56%
11/7/2024,0.193213,0.196462,0.203925,0.185891,5.11B,-1.65%
11/6/2024,0.196462,0.169999,0.216089,0.169212,14.23B,15.57%
11/5/2024,0.169996,0.158388,0.178952,0.158104,5.49B,7.33%
11/4/2024,0.15839,0.151299,0.160008,0.148306,3.70B,4.68%
11/3/2024,0.151302,0.15947,0.159745,0.142269,3.27B,-5.11%
11/2/2024,0.159457,0.15913,0.163558,0.155709,1.86B,0.21%
11/1/2024,0.15913,0.161567,0.168637,0.154175,3.37B,-1.52%
10/31/2024,0.161578,0.168259,0.173493,0.156567,2.98B,-3.98%
10/30/2024,0.168267,0.175981,0.177731,0.164596,3.16B,-4.39%
10/29/2024,0.175994,0.161418,0.179568,0.160626,5.46B,9.14%
10/28/2024,0.161251,0.144233,0.162447,0.141148,4.73B,11.79%
10/27/2024,0.144247,0.137418,0.14607,0.136066,1.71B,4.97%
10/26/2024,0.137423,0.131621,0.138061,0.130801,1.34B,4.30%
10/25/2024,0.131764,0.141863,0.142633,0.128154,2.37B,-7.13%
10/24/2024,0.141877,0.140062,0.143726,0.13647,1.96B,1.30%
10/23/2024,0.140055,0.139747,0.140864,0.133417,2.28B,0.30%
10/22/2024,0.13964,0.143629,0.148411,0.136618,2.64B,-2.79%
10/21/2024,0.143643,0.142235,0.14969,0.138237,3.34B,0.96%
10/20/2024,0.142272,0.144024,0.145449,0.137351,2.19B,-1.23%
10/19/2024,0.144048,0.137139,0.146721,0.13709,3.05B,5.04%
10/18/2024,0.137139,0.129665,0.140699,0.129609,3.92B,5.78%
10/17/2024,0.129641,0.125769,0.130657,0.120647,3.03B,3.08%
10/16/2024,0.125766,0.117492,0.129538,0.115812,4.60B,7.05%
10/15/2024,0.117484,0.116705,0.11917,0.110309,2.60B,0.66%
10/14/2024,0.116709,0.111387,0.117623,0.109352,2.09B,4.77%
10/13/2024,0.11139,0.111376,0.112089,0.108744,874.70M,0.00%
10/12/2024,0.111392,0.110745,0.112092,0.109419,843.69M,0.59%
10/11/2024,0.11074,0.106016,0.111373,0.10567,1.14B,4.46%
10/10/2024,0.106011,0.107911,0.108602,0.10326,1.33B,-1.76%
10/9/2024,0.107913,0.107117,0.111425,0.106268,1.42B,0.74%
10/8/2024,0.107126,0.108462,0.109832,0.10538,1.23B,-1.23%
10/7/2024,0.108456,0.11156,0.115369,0.108429,2.03B,-2.78%
10/6/2024,0.111561,0.109528,0.112764,0.108458,881.32M,1.86%
10/5/2024,0.109529,0.109377,0.110368,0.107641,867.19M,0.14%
10/4/2024,0.109381,0.105055,0.110547,0.104848,1.46B,4.11%
10/3/2024,0.105067,0.104619,0.106787,0.101238,1.87B,0.43%
10/2/2024,0.10462,0.106896,0.109466,0.102336,1.97B,-2.13%
10/1/2024,0.106898,0.114316,0.119318,0.102769,2.89B,-6.50%
9/30/2024,0.114332,0.12448,0.124591,0.11355,1.88B,-8.16%
9/29/2024,0.124491,0.128139,0.130334,0.124491,1.48B,-2.89%
9/28/2024,0.128195,0.123534,0.13188,0.120343,2.61B,3.77%
9/27/2024,0.123542,0.118104,0.128475,0.117043,2.59B,4.60%
9/26/2024,0.118103,0.108515,0.120265,0.107049,2.60B,8.84%
9/25/2024,0.108516,0.109738,0.111077,0.108054,1.38B,-1.10%
9/24/2024,0.109726,0.108039,0.110491,0.106864,1.35B,1.56%
9/23/2024,0.108036,0.106355,0.109153,0.104232,1.34B,1.59%
9/22/2024,0.106344,0.109912,0.109921,0.103862,909.92M,-3.25%
9/21/2024,0.109916,0.105536,0.110378,0.104056,1.08B,4.15%
9/20/2024,0.105535,0.104966,0.107421,0.103654,1.32B,0.55%
9/19/2024,0.104962,0.103762,0.107066,0.103471,1.48B,1.18%
9/18/2024,0.103742,0.101142,0.103773,0.099419,1.21B,2.57%
9/17/2024,0.101142,0.099662,0.102505,0.098722,1.19B,1.50%
9/16/2024,0.099647,0.10283,0.103175,0.098383,1.14B,-3.11%
9/15/2024,0.102841,0.1054,0.106382,0.102379,872.38M,-2.43%
9/14/2024,0.105397,0.10704,0.107614,0.104476,1.10B,-1.54%
9/13/2024,0.107041,0.102729,0.108327,0.101804,1.69B,4.19%
9/12/2024,0.102732,0.101311,0.103302,0.100458,1.10B,1.39%
9/11/2024,0.101326,0.102801,0.103043,0.098016,1.21B,-1.42%
9/10/2024,0.102781,0.103766,0.104522,0.101611,1.06B,-0.93%
9/9/2024,0.103751,0.096138,0.104652,0.095731,1.75B,7.93%
9/8/2024,0.096127,0.095399,0.096931,0.093895,857.55M,0.76%
9/7/2024,0.095399,0.092562,0.095668,0.091761,1.13B,3.07%
9/6/2024,0.092559,0.098408,0.099426,0.08911,1.95B,-5.95%
9/5/2024,0.098411,0.097992,0.099162,0.096074,1.09B,0.44%
9/4/2024,0.097979,0.096752,0.099475,0.092184,1.56B,1.25%
9/3/2024,0.09677,0.099114,0.100706,0.096612,963.92M,-2.36%
9/2/2024,0.099108,0.095084,0.099769,0.094115,1.12B,4.23%
9/1/2024,0.095087,0.101282,0.101473,0.094165,1.00B,-6.12%
8/31/2024,0.101281,0.101741,0.102359,0.100365,722.19M,-0.46%
8/30/2024,0.101753,0.100429,0.102456,0.097209,1.42B,1.32%
8/29/2024,0.10043,0.099594,0.102518,0.098351,1.10B,0.83%
8/28/2024,0.099601,0.099011,0.101761,0.097004,1.71B,0.60%
8/27/2024,0.099007,0.105207,0.106498,0.096634,1.59B,-5.90%
8/26/2024,0.10521,0.10971,0.110297,0.10453,1.25B,-4.11%
8/25/2024,0.109723,0.112592,0.1128,0.107946,1.29B,-2.55%
8/24/2024,0.112591,0.112896,0.114951,0.110899,1.77B,-0.27%
8/23/2024,0.112895,0.105254,0.115271,0.105239,2.03B,7.27%
8/22/2024,0.105246,0.106151,0.106864,0.104113,956.06M,-0.85%
8/21/2024,0.10615,0.102926,0.107868,0.102227,1.21B,3.14%
8/20/2024,0.102921,0.10133,0.105616,0.101112,1.73B,1.57%
8/19/2024,0.101331,0.100068,0.101773,0.098616,1.18B,1.28%
8/18/2024,0.100048,0.102769,0.104394,0.100039,937.83M,-2.64%
8/17/2024,0.102765,0.100328,0.103661,0.100006,802.44M,2.43%
8/16/2024,0.100324,0.1002,0.102042,0.097624,1.42B,0.14%
8/15/2024,0.100182,0.102449,0.104825,0.098005,1.53B,-2.22%
8/14/2024,0.102455,0.106381,0.106801,0.101566,1.31B,-3.69%
8/13/2024,0.106382,0.107893,0.109013,0.103422,1.38B,-1.39%
8/12/2024,0.107881,0.100514,0.108489,0.100219,1.98B,7.33%
8/11/2024,0.100514,0.105204,0.110959,0.100201,1.77B,-4.45%
8/10/2024,0.105198,0.103865,0.105894,0.102944,996.77M,1.28%
8/9/2024,0.10387,0.107431,0.107724,0.101685,1.61B,-3.32%
8/8/2024,0.10744,0.095559,0.107893,0.093657,2.13B,12.55%
8/7/2024,0.095457,0.096482,0.101903,0.094394,2.50B,-1.08%
8/6/2024,0.096499,0.094181,0.101345,0.094154,2.91B,2.47%
8/5/2024,0.094175,0.103746,0.104215,0.080549,9.24B,-9.22%
8/4/2024,0.103745,0.108123,0.10933,0.099323,2.12B,-4.04%
8/3/2024,0.108115,0.111579,0.114659,0.10529,2.09B,-3.10%
8/2/2024,0.111578,0.119142,0.119684,0.110312,1.90B,-6.34%
8/1/2024,0.119135,0.121921,0.123089,0.11239,1.90B,-2.28%
7/31/2024,0.12192,0.125489,0.127296,0.121379,1.32B,-2.84%
7/30/2024,0.125486,0.128437,0.130429,0.123399,1.38B,-2.30%
7/29/2024,0.128439,0.130045,0.135009,0.127809,1.72B,-1.24%
7/28/2024,0.130048,0.131314,0.131799,0.128186,1.46B,-0.94%
7/27/2024,0.131284,0.134183,0.138702,0.130734,2.34B,-2.18%
7/26/2024,0.134203,0.125259,0.134921,0.125143,1.65B,7.13%
7/25/2024,0.125274,0.127923,0.128683,0.120233,2.02B,-2.08%
7/24/2024,0.12794,0.130296,0.134727,0.126995,1.50B,-1.81%
7/23/2024,0.130293,0.137851,0.139158,0.128346,2.11B,-5.48%
7/22/2024,0.137852,0.140197,0.142431,0.136006,2.72B,-1.67%
7/21/2024,0.140196,0.134238,0.143452,0.126127,2.51B,4.44%
7/20/2024,0.134242,0.125473,0.135723,0.124327,2.48B,6.99%
7/19/2024,0.125473,0.119541,0.12599,0.117534,1.73B,4.96%
7/18/2024,0.11954,0.121782,0.12381,0.117235,1.65B,-1.84%
7/17/2024,0.121783,0.124781,0.127543,0.120392,1.65B,-2.41%
7/16/2024,0.124786,0.12489,0.12757,0.11909,2.08B,-0.10%
7/15/2024,0.124911,0.115427,0.125393,0.114598,1.94B,8.21%
7/14/2024,0.115437,0.112294,0.116825,0.111171,1.52B,2.80%
7/13/2024,0.112298,0.107661,0.112889,0.107296,1.41B,4.32%
7/12/2024,0.10765,0.106633,0.108296,0.104917,1.29B,0.95%
7/11/2024,0.106634,0.108001,0.112287,0.106191,1.40B,-1.28%
7/10/2024,0.108018,0.10754,0.110481,0.105807,1.48B,0.43%
7/9/2024,0.107558,0.107574,0.109357,0.105887,1.55B,-0.05%
7/8/2024,0.107609,0.104119,0.111176,0.098895,2.57B,3.34%
7/7/2024,0.104132,0.11346,0.113466,0.103649,1.68B,-8.25%
7/6/2024,0.1135,0.105457,0.114124,0.104777,2.08B,7.64%
7/5/2024,0.105447,0.104933,0.106529,0.092635,4.65B,0.50%
7/4/2024,0.104926,0.118472,0.119096,0.104001,2.93B,-11.44%
7/3/2024,0.11848,0.125251,0.125517,0.117026,1.49B,-5.40%
7/2/2024,0.125237,0.123491,0.125295,0.122519,753.53M,1.41%
7/1/2024,0.123492,0.124428,0.127425,0.123286,648.84M,-0.76%
6/30/2024,0.124432,0.121851,0.125579,0.120483,479.49M,2.12%
6/29/2024,0.121851,0.123004,0.124332,0.121445,348.04M,-0.94%
6/28/2024,0.123004,0.127055,0.128351,0.122315,1.12B,-3.19%
6/27/2024,0.127054,0.122737,0.128243,0.120637,1.17B,3.53%
6/26/2024,0.122722,0.126151,0.128604,0.121867,914.50M,-2.72%
6/25/2024,0.126148,0.119001,0.128313,0.118836,1.46B,6.00%
6/24/2024,0.119002,0.122182,0.123893,0.114531,1.80B,-2.60%
6/23/2024,0.122182,0.123756,0.126249,0.121592,699.27M,-1.27%
6/22/2024,0.12376,0.124141,0.125519,0.122932,537.25M,-0.31%
6/21/2024,0.124141,0.124502,0.125656,0.121457,1.03B,-0.29%
6/20/2024,0.124501,0.122474,0.128472,0.121427,1.22B,1.65%
6/19/2024,0.122474,0.122231,0.12662,0.121445,1.21B,0.20%
6/18/2024,0.122231,0.128779,0.129195,0.114298,3.07B,-5.09%
6/17/2024,0.128789,0.137118,0.138141,0.126215,2.02B,-6.07%
6/16/2024,0.137119,0.136764,0.13751,0.134813,690.55M,0.26%
6/15/2024,0.136763,0.134989,0.137427,0.134231,954.65M,1.31%
6/14/2024,0.134999,0.141066,0.143355,0.132085,1.66B,-4.29%
6/13/2024,0.141053,0.14621,0.146421,0.140395,1.41B,-3.53%
6/12/2024,0.146211,0.138097,0.150475,0.134783,2.33B,5.87%
6/11/2024,0.138102,0.14476,0.145109,0.13409,2.12B,-4.60%
6/10/2024,0.144757,0.146798,0.147827,0.143356,932.14M,-1.39%
6/9/2024,0.146795,0.145898,0.14913,0.145057,817.38M,0.62%
6/8/2024,0.145895,0.148209,0.148692,0.14389,1.30B,-1.58%
6/7/2024,0.148234,0.160149,0.162103,0.142393,2.37B,-7.44%
6/6/2024,0.160149,0.163235,0.165473,0.158504,1.37B,-1.88%
6/5/2024,0.163225,0.161385,0.164745,0.161223,1.19B,1.14%
6/4/2024,0.161385,0.158384,0.16179,0.157104,1.11B,1.89%
6/3/2024,0.158384,0.157165,0.16335,0.155884,1.42B,0.77%
6/2/2024,0.157177,0.160314,0.161308,0.154822,887.98M,-1.96%
6/1/2024,0.160316,0.15897,0.161592,0.158429,723.74M,0.84%
5/31/2024,0.158988,0.159467,0.162414,0.154371,1.42B,-0.31%
5/30/2024,0.159481,0.163834,0.165635,0.156622,2.22B,-2.66%
5/29/2024,0.163836,0.164934,0.170558,0.162226,2.18B,-0.67%
5/28/2024,0.164947,0.169086,0.169675,0.161851,1.98B,-2.44%
5/27/2024,0.16907,0.166196,0.173278,0.164384,2.14B,1.74%
5/26/2024,0.166181,0.174017,0.174701,0.16567,1.89B,-4.43%
5/25/2024,0.173884,0.163808,0.174111,0.162759,1.97B,6.16%
5/24/2024,0.1638,0.159699,0.172666,0.155416,4.24B,2.56%
5/23/2024,0.15971,0.166296,0.169208,0.152849,3.16B,-3.96%
5/22/2024,0.166298,0.170355,0.174535,0.161875,2.80B,-2.39%
5/21/2024,0.170365,0.165773,0.173132,0.160884,3.75B,2.70%
5/20/2024,0.165888,0.149103,0.166184,0.147886,2.41B,11.25%
5/19/2024,0.149113,0.153051,0.155991,0.147838,1.18B,-2.57%
5/18/2024,0.153051,0.155554,0.156847,0.151399,1.13B,-1.60%
5/17/2024,0.155545,0.149703,0.156379,0.149397,1.75B,3.90%
5/16/2024,0.149705,0.155369,0.159079,0.148824,2.11B,-3.64%
5/15/2024,0.155367,0.145467,0.156878,0.145307,2.85B,6.79%
5/14/2024,0.145483,0.148624,0.155009,0.144332,2.95B,-2.10%
5/13/2024,0.148597,0.141219,0.157001,0.135943,3.76B,5.24%
5/12/2024,0.1412,0.143057,0.144437,0.13979,1.20B,-1.30%
5/11/2024,0.143055,0.143903,0.146193,0.142636,849.02M,-0.59%
5/10/2024,0.143903,0.152173,0.153586,0.142498,1.87B,-5.39%
5/9/2024,0.152109,0.143223,0.153972,0.143213,1.90B,6.20%
5/8/2024,0.143231,0.149983,0.151917,0.14214,2.02B,-4.50%
5/7/2024,0.149985,0.156481,0.159854,0.149503,2.07B,-4.15%
5/6/2024,0.156481,0.160945,0.169034,0.154158,3.23B,-2.77%
5/5/2024,0.160944,0.160141,0.163302,0.154678,2.46B,0.50%
5/4/2024,0.160137,0.146054,0.169272,0.145828,4.79B,9.64%
5/3/2024,0.146051,0.132,0.147893,0.131246,2.34B,10.64%
5/2/2024,0.132005,0.130221,0.134282,0.124105,2.66B,1.37%
5/1/2024,0.130221,0.13336,0.133882,0.120207,4.68B,-2.29%
4/30/2024,0.133274,0.143423,0.145949,0.129598,2.61B,-7.08%
4/29/2024,0.143422,0.146687,0.148056,0.139841,1.91B,-2.25%
4/28/2024,0.146716,0.14773,0.15101,0.146129,1.03B,-0.69%
4/27/2024,0.14773,0.147938,0.149624,0.143252,1.48B,-0.14%
4/26/2024,0.147936,0.151271,0.151761,0.146977,1.51B,-2.20%
4/25/2024,0.151269,0.151317,0.154123,0.147573,1.87B,-0.04%
4/24/2024,0.151328,0.159819,0.164282,0.149482,2.82B,-5.32%
4/23/2024,0.159825,0.16122,0.162933,0.156965,1.67B,-0.87%
4/22/2024,0.16123,0.158709,0.163278,0.156594,2.07B,1.82%
4/21/2024,0.158353,0.162693,0.165782,0.15516,2.09B,-2.67%
4/20/2024,0.162701,0.155915,0.164596,0.150793,2.81B,4.33%
4/19/2024,0.155947,0.152233,0.156981,0.139896,4.06B,2.43%
4/18/2024,0.152249,0.147638,0.153713,0.141147,3.35B,3.13%
4/17/2024,0.14763,0.156027,0.158605,0.14466,3.23B,-5.38%
4/16/2024,0.156026,0.16124,0.162332,0.146425,4.01B,-3.25%
4/15/2024,0.161262,0.162287,0.168936,0.150571,5.98B,-0.64%
4/14/2024,0.162298,0.152327,0.164427,0.143959,6.22B,6.55%
4/13/2024,0.152326,0.174163,0.175783,0.131151,7.89B,-12.54%
4/12/2024,0.174163,0.193828,0.200905,0.162235,5.59B,-10.15%
4/11/2024,0.193838,0.199734,0.203273,0.190004,3.08B,-2.95%
4/10/2024,0.199735,0.189114,0.202056,0.181074,4.07B,5.64%
4/9/2024,0.189076,0.202632,0.203352,0.185924,3.26B,-6.69%
4/8/2024,0.202638,0.198875,0.208578,0.195733,2.96B,1.89%
4/7/2024,0.198884,0.185801,0.204504,0.185511,4.33B,7.05%
4/6/2024,0.185785,0.177212,0.187696,0.176456,2.73B,4.86%
4/5/2024,0.177167,0.179992,0.180527,0.167624,3.29B,-1.57%
4/4/2024,0.179991,0.175215,0.188199,0.172006,3.50B,2.72%
4/3/2024,0.175218,0.182334,0.18747,0.17017,5.07B,-3.90%
4/2/2024,0.182334,0.205167,0.205167,0.180277,5.96B,-11.13%
4/1/2024,0.205173,0.220113,0.220113,0.197712,5.02B,-6.78%
3/31/2024,0.220106,0.19916,0.2239,0.19916,3.42B,10.52%
3/30/2024,0.199157,0.21293,0.21673,0.197491,3.61B,-6.47%
3/29/2024,0.21293,0.22014,0.224607,0.208571,4.95B,-3.28%
3/28/2024,0.220159,0.190489,0.228015,0.189283,9.33B,15.59%
3/27/2024,0.190473,0.182271,0.191614,0.179507,6.52B,4.53%
3/26/2024,0.182226,0.175277,0.186253,0.174878,4.55B,3.96%
3/25/2024,0.175283,0.176594,0.186747,0.17005,4.47B,-0.74%
3/24/2024,0.176593,0.161726,0.179859,0.161485,4.60B,9.20%
3/23/2024,0.161711,0.152968,0.174737,0.151768,5.14B,5.73%
3/22/2024,0.152946,0.155459,0.164938,0.14553,5.38B,-1.62%
3/21/2024,0.155463,0.152044,0.159614,0.146761,5.19B,2.26%
3/20/2024,0.152034,0.128932,0.152975,0.123196,7.07B,17.90%
3/19/2024,0.128956,0.1435,0.145121,0.125408,6.86B,-10.14%
3/18/2024,0.143501,0.154157,0.154217,0.140032,3.37B,-6.91%
3/17/2024,0.154155,0.142515,0.158567,0.137215,4.39B,8.12%
3/16/2024,0.142572,0.163504,0.165056,0.138395,4.75B,-12.70%
3/15/2024,0.163314,0.177194,0.181241,0.152347,6.54B,-7.81%
3/14/2024,0.177141,0.16902,0.191799,0.165343,10.01B,4.80%
3/13/2024,0.169034,0.16822,0.174333,0.165097,3.32B,0.48%
3/12/2024,0.168225,0.182104,0.183288,0.157987,4.47B,-7.62%
3/11/2024,0.182093,0.16999,0.182935,0.160589,4.97B,7.12%
3/10/2024,0.169989,0.178776,0.179509,0.165387,3.85B,-4.91%
3/9/2024,0.178757,0.169893,0.18463,0.163479,6.05B,8.60%
3/8/2024,0.164606,0.157643,0.175376,0.155167,7.40B,4.42%
3/7/2024,0.157642,0.157792,0.162273,0.146634,5.74B,-0.10%
3/6/2024,0.157793,0.153424,0.179268,0.146629,7.94B,2.84%
3/5/2024,0.153434,0.181914,0.206077,0.129484,16.97B,-15.54%
3/4/2024,0.181668,0.153927,0.184677,0.147316,11.14B,17.98%
3/3/2024,0.153978,0.141931,0.156039,0.124954,8.40B,8.47%
3/2/2024,0.141959,0.139533,0.150487,0.136505,7.35B,1.74%
3/1/2024,0.139538,0.117209,0.144887,0.117203,9.25B,19.05%
2/29/2024,0.117212,0.115953,0.13485,0.111657,12.43B,1.09%
2/28/2024,0.115953,0.097589,0.122303,0.094467,11.47B,18.81%
2/27/2024,0.097597,0.089285,0.100428,0.088534,6.33B,9.31%
2/26/2024,0.089285,0.086127,0.090011,0.084192,1.81B,3.67%
2/25/2024,0.086123,0.086155,0.086789,0.085281,869.52M,-0.04%
2/24/2024,0.086154,0.084477,0.086347,0.08389,1.04B,1.98%
2/23/2024,0.084483,0.084097,0.085521,0.082952,1.35B,0.44%
2/22/2024,0.084111,0.084566,0.085453,0.083089,1.16B,-0.54%
2/21/2024,0.084568,0.08617,0.08626,0.082039,1.40B,-1.86%
2/20/2024,0.086173,0.089411,0.091433,0.083179,2.72B,-3.62%
2/19/2024,0.089409,0.085189,0.090771,0.085056,2.20B,4.95%
2/18/2024,0.085189,0.083565,0.085706,0.082875,945.43M,1.95%
2/17/2024,0.083564,0.085927,0.086063,0.082033,1.13B,-2.75%
2/16/2024,0.085924,0.085288,0.087912,0.084163,1.37B,0.75%
2/15/2024,0.085287,0.085503,0.088147,0.083992,2.20B,-0.25%
2/14/2024,0.085502,0.081062,0.086973,0.080499,2.31B,5.48%
2/13/2024,0.081062,0.082211,0.082977,0.07986,1.32B,-1.41%
2/12/2024,0.082223,0.081224,0.082808,0.079494,1.33B,1.23%
2/11/2024,0.081224,0.081417,0.083373,0.080885,1.06B,-0.24%
2/10/2024,0.081416,0.081552,0.082143,0.080344,715.38M,-0.16%
2/9/2024,0.08155,0.079849,0.082122,0.079849,1.25B,2.13%
2/8/2024,0.079847,0.080118,0.080836,0.079572,849.47M,-0.34%
2/7/2024,0.080122,0.078481,0.080267,0.078173,763.61M,2.10%
2/6/2024,0.078472,0.078338,0.079171,0.077771,621.75M,0.17%
2/5/2024,0.078336,0.078293,0.08027,0.077376,857.22M,0.06%
2/4/2024,0.07829,0.078732,0.079957,0.078048,519.09M,-0.55%
2/3/2024,0.078722,0.079267,0.079494,0.078557,495.60M,-0.69%
2/2/2024,0.079271,0.079357,0.079941,0.078612,774.41M,-0.11%
2/1/2024,0.079356,0.078756,0.079793,0.077572,917.12M,0.76%
1/31/2024,0.078755,0.079725,0.080259,0.078078,1.03B,-1.22%
1/30/2024,0.079728,0.081364,0.082154,0.079473,1.16B,-2.01%
1/29/2024,0.081361,0.078826,0.082948,0.078199,2.07B,3.22%
1/28/2024,0.078823,0.080122,0.081423,0.078239,859.62M,-1.62%
1/27/2024,0.080124,0.079826,0.08067,0.079032,759.14M,0.37%
1/26/2024,0.079832,0.077915,0.080324,0.077558,997.96M,2.46%
1/25/2024,0.077918,0.07904,0.079227,0.077122,1.03B,-1.43%
1/24/2024,0.079049,0.078207,0.080613,0.077677,1.43B,1.08%
1/23/2024,0.078206,0.080509,0.081843,0.076022,2.10B,-2.86%
1/22/2024,0.080509,0.085437,0.085515,0.08013,2.42B,-5.72%
1/21/2024,0.085395,0.088713,0.091362,0.084799,3.29B,-3.81%
1/20/2024,0.088775,0.078537,0.091151,0.078214,2.47B,13.02%
1/19/2024,0.078546,0.078039,0.078804,0.075009,1.21B,0.66%
1/18/2024,0.078031,0.080582,0.08079,0.077296,994.51M,-3.17%
1/17/2024,0.080582,0.081341,0.081581,0.079503,768.33M,-0.93%
1/16/2024,0.08134,0.081059,0.082457,0.079901,931.79M,0.36%
1/15/2024,0.08105,0.080026,0.081732,0.079897,700.23M,1.28%
1/14/2024,0.080027,0.080909,0.083915,0.079724,1.38B,-1.09%
1/13/2024,0.080911,0.08011,0.081345,0.078685,799.89M,1.00%
1/12/2024,0.080108,0.084575,0.085423,0.077926,1.72B,-5.28%
1/11/2024,0.084574,0.08299,0.087889,0.08223,2.33B,1.91%
1/10/2024,0.082987,0.079232,0.08487,0.076613,2.16B,4.74%
1/9/2024,0.079229,0.081305,0.083406,0.077116,3.45B,-2.59%
1/8/2024,0.081336,0.078223,0.081727,0.074175,2.20B,3.98%
1/7/2024,0.078223,0.080586,0.081415,0.077142,1.46B,-2.93%
1/6/2024,0.080584,0.082656,0.082656,0.07841,1.74B,-2.51%
1/5/2024,0.082657,0.084008,0.084798,0.080806,2.24B,-1.61%
1/4/2024,0.08401,0.082003,0.084575,0.081142,2.09B,2.45%
1/3/2024,0.082002,0.091044,0.092124,0.077105,3.33B,-9.93%
1/2/2024,0.091043,0.091994,0.094339,0.090522,1.71B,-1.02%
1/1/2024,0.091986,0.089543,0.092074,0.088504,924.37M,2.73%
12/31/2023,0.089544,0.089992,0.090867,0.088198,749.30M,-0.50%
12/30/2023,0.089992,0.090978,0.091394,0.089237,721.13M,-1.08%
12/29/2023,0.090973,0.091773,0.092986,0.089279,1.20B,-0.87%
12/28/2023,0.091773,0.093612,0.094891,0.091127,1.43B,-1.96%
12/27/2023,0.093609,0.091364,0.093841,0.089609,1.18B,2.46%
12/26/2023,0.091366,0.094345,0.094387,0.088005,1.67B,-3.16%
12/25/2023,0.094345,0.091717,0.095303,0.091296,1.25B,2.87%
12/24/2023,0.091716,0.093463,0.094834,0.090587,1.64B,-1.88%
12/23/2023,0.093474,0.095029,0.095029,0.09214,1.08B,-1.64%
12/22/2023,0.095031,0.094961,0.095577,0.092114,1.89B,0.08%
12/21/2023,0.094956,0.09148,0.097625,0.090654,2.55B,3.80%
12/20/2023,0.09148,0.090196,0.093315,0.089532,1.87B,1.42%
12/19/2023,0.090198,0.092116,0.093455,0.089357,1.50B,-2.08%
12/18/2023,0.092116,0.092905,0.093747,0.086621,2.24B,-0.84%
12/17/2023,0.092901,0.09714,0.09777,0.092513,1.54B,-4.37%
12/16/2023,0.097144,0.093012,0.097221,0.091888,1.59B,4.44%
12/15/2023,0.093013,0.098383,0.098702,0.092639,1.92B,-5.46%
12/14/2023,0.098382,0.096391,0.098706,0.094407,2.17B,2.06%
12/13/2023,0.096394,0.093792,0.097559,0.090076,2.44B,2.77%
12/12/2023,0.093791,0.094081,0.09772,0.09124,2.82B,-0.32%
12/11/2023,0.09409,0.101742,0.106783,0.091159,5.41B,-7.49%
12/10/2023,0.101711,0.098408,0.10257,0.096717,1.97B,3.35%
12/9/2023,0.098411,0.101494,0.104721,0.097685,3.29B,-3.05%
12/8/2023,0.101504,0.095917,0.103568,0.095552,3.25B,5.87%
12/7/2023,0.095879,0.094901,0.098108,0.093017,3.96B,1.03%
12/6/2023,0.094903,0.09426,0.105768,0.093407,7.64B,0.76%
12/5/2023,0.094188,0.091779,0.095501,0.087496,3.88B,2.62%
12/4/2023,0.09178,0.085674,0.092389,0.085299,4.27B,7.12%
12/3/2023,0.085677,0.086118,0.087229,0.083675,1.89B,-0.51%
12/2/2023,0.086119,0.083816,0.086554,0.083237,1.59B,2.74%
12/1/2023,0.083819,0.083396,0.084911,0.082274,1.78B,0.51%
11/30/2023,0.08339,0.080411,0.084273,0.080368,2.23B,3.72%
11/29/2023,0.080401,0.080742,0.082959,0.079659,2.22B,-0.42%
11/28/2023,0.080737,0.078808,0.080913,0.076772,2.46B,2.47%
11/27/2023,0.078791,0.078622,0.081402,0.076898,2.89B,0.19%
11/26/2023,0.07864,0.07881,0.078871,0.075836,1.20B,-0.22%
11/25/2023,0.078812,0.078147,0.079094,0.077515,1.05B,0.85%
11/24/2023,0.078148,0.076129,0.078554,0.076017,1.39B,2.66%
11/23/2023,0.076126,0.075743,0.076359,0.07499,1.03B,0.51%
11/22/2023,0.075737,0.071804,0.076573,0.071663,1.80B,5.48%
11/21/2023,0.071804,0.07771,0.078714,0.071074,3.83B,-7.60%
11/20/2023,0.07771,0.080447,0.082187,0.077405,2.69B,-3.41%
11/19/2023,0.080451,0.080271,0.080651,0.077578,2.46B,0.22%
11/18/2023,0.080271,0.086513,0.086644,0.0795,5.19B,-7.22%
11/17/2023,0.086521,0.079549,0.087445,0.07913,8.05B,8.75%
11/16/2023,0.079556,0.076242,0.083229,0.075968,6.31B,4.34%
11/15/2023,0.076243,0.072423,0.07652,0.072316,2.11B,5.28%
11/14/2023,0.072423,0.074567,0.075507,0.069681,3.12B,-2.87%
11/13/2023,0.074566,0.077925,0.07953,0.073881,3.74B,-4.31%
11/12/2023,0.077925,0.078567,0.080252,0.075602,3.18B,-0.82%
11/11/2023,0.078567,0.075426,0.081803,0.074628,5.61B,4.16%
11/10/2023,0.075427,0.073552,0.075562,0.072743,2.66B,2.55%
11/9/2023,0.073549,0.075311,0.077849,0.068625,4.02B,-2.33%
11/8/2023,0.075306,0.073367,0.076834,0.072825,2.33B,2.62%
11/7/2023,0.073382,0.076415,0.076467,0.071575,3.29B,-3.98%
11/6/2023,0.076426,0.071116,0.076526,0.070304,2.73B,7.47%
11/5/2023,0.071116,0.069085,0.07172,0.06887,1.79B,2.93%
11/4/2023,0.06909,0.068087,0.069266,0.06795,758.04M,1.47%
11/3/2023,0.068087,0.067893,0.068234,0.066375,1.08B,0.29%
11/2/2023,0.067893,0.068958,0.070768,0.066749,2.22B,-1.54%
11/1/2023,0.068957,0.068279,0.06961,0.065872,2.20B,0.99%
10/31/2023,0.068279,0.069584,0.070814,0.066167,2.18B,-1.87%
10/30/2023,0.069583,0.069358,0.070324,0.067998,1.23B,0.33%
10/29/2023,0.069358,0.069016,0.070165,0.067541,668.72M,0.50%
10/28/2023,0.069016,0.067795,0.069768,0.067519,890.07M,1.80%
10/27/2023,0.067796,0.071849,0.072352,0.067369,2.06B,-5.64%
10/26/2023,0.07185,0.068325,0.075095,0.067859,4.45B,5.17%
10/25/2023,0.06832,0.066569,0.069695,0.064908,2.60B,2.63%
10/24/2023,0.066567,0.067443,0.069908,0.064818,3.09B,-1.30%
10/23/2023,0.067445,0.061677,0.067817,0.061312,2.77B,9.34%
10/22/2023,0.061683,0.061203,0.061725,0.059906,516.33M,0.78%
10/21/2023,0.061203,0.059906,0.06143,0.059455,518.00M,2.16%
10/20/2023,0.059906,0.058878,0.060386,0.058637,485.43M,1.75%
10/19/2023,0.058878,0.058583,0.058896,0.057868,337.78M,0.51%
10/18/2023,0.058581,0.059036,0.05927,0.058295,347.79M,-0.77%
10/17/2023,0.059034,0.060009,0.060164,0.058552,803.86M,-1.62%
10/16/2023,0.060009,0.05931,0.061622,0.059256,1.22B,1.19%
10/15/2023,0.059304,0.059846,0.059859,0.059019,387.94M,-0.91%
10/14/2023,0.059846,0.05839,0.059978,0.058352,482.65M,2.49%
10/13/2023,0.058392,0.057885,0.058807,0.057792,636.13M,0.85%
10/12/2023,0.057899,0.058511,0.058518,0.0574,524.59M,-1.05%
10/11/2023,0.058511,0.059136,0.059472,0.057698,633.47M,-1.05%
10/10/2023,0.059133,0.058728,0.059231,0.058476,495.05M,0.69%
10/9/2023,0.058727,0.060958,0.060996,0.057764,1.08B,-3.66%
10/8/2023,0.060957,0.061424,0.061592,0.060743,340.19M,-0.76%
10/7/2023,0.061425,0.061366,0.061656,0.061055,421.86M,0.09%
10/6/2023,0.061366,0.06085,0.061549,0.060741,366.35M,0.85%
10/5/2023,0.06085,0.061467,0.061648,0.06077,311.88M,-1.00%
10/4/2023,0.061467,0.061374,0.061577,0.060172,444.53M,0.15%
10/3/2023,0.061374,0.06201,0.062289,0.06114,842.74M,-1.02%
10/2/2023,0.062007,0.06318,0.064054,0.061473,1.52B,-1.86%
10/1/2023,0.06318,0.062072,0.063556,0.061743,601.71M,1.79%
9/30/2023,0.062072,0.062132,0.062675,0.061732,450.75M,-0.10%
9/29/2023,0.062132,0.061493,0.06235,0.06131,492.51M,1.03%
9/28/2023,0.061496,0.060515,0.061656,0.060367,564.83M,1.62%
9/27/2023,0.060515,0.060609,0.061378,0.06018,844.22M,-0.16%
9/26/2023,0.060609,0.060942,0.061124,0.059705,400.87M,-0.54%
9/25/2023,0.06094,0.060687,0.061221,0.060249,396.47M,0.41%
9/24/2023,0.06069,0.061516,0.061737,0.060537,434.05M,-1.34%
9/23/2023,0.061516,0.061525,0.061951,0.061289,469.12M,-0.01%
9/22/2023,0.061521,0.061311,0.061867,0.060821,725.47M,0.34%
9/21/2023,0.061311,0.062624,0.0634,0.061121,1.08B,-2.10%
9/20/2023,0.062625,0.062687,0.063007,0.061755,953.06M,-0.10%
9/19/2023,0.062688,0.061987,0.063213,0.061902,1.05B,1.13%
9/18/2023,0.061987,0.061476,0.062798,0.060992,1.03B,0.83%
9/17/2023,0.061476,0.06213,0.062539,0.061065,627.17M,-1.05%
9/16/2023,0.062131,0.062498,0.062946,0.061771,548.81M,-0.59%
9/15/2023,0.062499,0.062093,0.062925,0.06139,642.87M,0.65%
9/14/2023,0.062093,0.061258,0.062432,0.061092,920.64M,1.36%
9/13/2023,0.061259,0.060882,0.061706,0.060504,932.90M,0.62%
9/12/2023,0.060882,0.060479,0.062297,0.060433,1.15B,0.66%
9/11/2023,0.06048,0.06131,0.061975,0.059406,1.24B,-1.35%
9/10/2023,0.06131,0.063377,0.063395,0.060468,1.03B,-3.26%
9/9/2023,0.063377,0.063694,0.063893,0.063255,380.21M,-0.49%
9/8/2023,0.063691,0.063651,0.063973,0.062487,661.05M,0.06%
9/7/2023,0.063651,0.063641,0.063826,0.062796,737.47M,0.01%
9/6/2023,0.063641,0.064017,0.064598,0.062724,961.04M,-0.59%
9/5/2023,0.064019,0.063253,0.064327,0.062893,961.58M,1.21%
9/4/2023,0.063255,0.063148,0.063822,0.062274,713.59M,0.17%
9/3/2023,0.063148,0.063475,0.063763,0.062799,648.14M,-0.52%
9/2/2023,0.063475,0.063883,0.064772,0.06278,930.48M,-0.64%
9/1/2023,0.063886,0.063756,0.064206,0.062378,1.08B,0.20%
8/31/2023,0.063756,0.065891,0.066981,0.062918,1.49B,-3.24%
8/30/2023,0.065892,0.066401,0.066451,0.064517,1.14B,-0.78%
8/29/2023,0.066413,0.063447,0.06826,0.062425,1.79B,4.68%
8/28/2023,0.063447,0.063174,0.063635,0.062072,658.65M,0.43%
8/27/2023,0.063176,0.06289,0.063633,0.062702,548.70M,0.45%
8/26/2023,0.06289,0.063118,0.063367,0.062637,470.52M,-0.36%
8/25/2023,0.063118,0.063069,0.063141,0.061786,803.55M,0.07%
8/24/2023,0.063075,0.063797,0.064039,0.062053,897.94M,-1.13%
8/23/2023,0.063797,0.062566,0.064771,0.062468,1.28B,1.96%
8/22/2023,0.062571,0.062511,0.063248,0.060545,1.21B,0.10%
8/21/2023,0.062511,0.063837,0.064098,0.060543,1.16B,-2.08%
8/20/2023,0.063837,0.063793,0.064686,0.063416,794.50M,0.07%
8/19/2023,0.063792,0.063251,0.064444,0.063105,934.53M,0.87%
8/18/2023,0.063239,0.060999,0.063817,0.060002,2.08B,3.62%
8/17/2023,0.061029,0.067207,0.068393,0.056911,2.66B,-9.20%
8/16/2023,0.067209,0.070933,0.071228,0.066133,1.62B,-5.25%
8/15/2023,0.070933,0.074687,0.074962,0.069041,1.48B,-5.03%
8/14/2023,0.074687,0.074782,0.076942,0.073785,1.32B,-0.15%
8/13/2023,0.074799,0.076701,0.076869,0.074327,964.29M,-2.48%
8/12/2023,0.076701,0.075723,0.077334,0.075609,1.10B,1.30%
8/11/2023,0.075716,0.075864,0.076096,0.075094,752.19M,-0.20%
8/10/2023,0.075868,0.075398,0.076902,0.075146,1.12B,0.62%
8/9/2023,0.075398,0.074969,0.076159,0.07424,1.01B,0.57%
8/8/2023,0.074973,0.073535,0.07547,0.073205,1.09B,1.95%
8/7/2023,0.073537,0.074255,0.075659,0.071923,1.19B,-0.97%
8/6/2023,0.074255,0.075704,0.076445,0.074166,1.17B,-1.91%
8/5/2023,0.075703,0.073453,0.076885,0.072918,1.64B,3.06%
8/4/2023,0.073453,0.073585,0.074882,0.072734,1.13B,-0.18%
8/3/2023,0.073584,0.074217,0.07499,0.072809,1.24B,-0.85%
8/2/2023,0.074214,0.078129,0.078277,0.073858,1.30B,-5.01%
8/1/2023,0.078132,0.07783,0.078248,0.075771,1.27B,0.39%
7/31/2023,0.077831,0.078021,0.079752,0.076846,1.24B,-0.24%
7/30/2023,0.078021,0.080127,0.080492,0.076577,1.48B,-2.61%
7/29/2023,0.080109,0.077179,0.081404,0.076893,1.67B,3.80%
7/28/2023,0.077177,0.077616,0.077875,0.076086,1.28B,-0.57%
7/27/2023,0.077616,0.077947,0.079824,0.076697,1.89B,-0.43%
7/26/2023,0.077948,0.081852,0.082251,0.076873,3.22B,-4.76%
7/25/2023,0.081847,0.0742,0.0837,0.073638,5.29B,10.31%
7/24/2023,0.074199,0.071788,0.077514,0.070272,4.83B,3.36%
7/23/2023,0.071785,0.07049,0.072896,0.070053,998.34M,1.85%
7/22/2023,0.070481,0.073225,0.073288,0.069806,1.27B,-3.63%
7/21/2023,0.073136,0.070586,0.076687,0.070288,2.71B,3.62%
7/20/2023,0.070578,0.070031,0.073822,0.069374,2.25B,0.78%
7/19/2023,0.070033,0.068663,0.071396,0.068327,1.62B,1.99%
7/18/2023,0.068665,0.069835,0.070309,0.067291,1.06B,-1.68%
7/17/2023,0.069836,0.06953,0.073065,0.067964,1.84B,0.44%
7/16/2023,0.06953,0.071951,0.072213,0.06907,1.50B,-3.36%
7/15/2023,0.071951,0.068505,0.074861,0.067728,3.44B,5.01%
7/14/2023,0.068517,0.070382,0.072979,0.066653,2.38B,-2.67%
7/13/2023,0.070395,0.065031,0.071629,0.064585,2.24B,8.25%
7/12/2023,0.065031,0.065271,0.065619,0.063864,527.94M,-0.36%
7/11/2023,0.065269,0.065233,0.065483,0.064427,502.95M,0.06%
7/10/2023,0.065233,0.065362,0.066148,0.063728,960.79M,-0.20%
7/9/2023,0.065364,0.065734,0.06635,0.065203,447.70M,-0.56%
7/8/2023,0.065734,0.065405,0.066072,0.064763,484.92M,0.50%
7/7/2023,0.065405,0.064882,0.065855,0.064212,693.76M,0.81%
7/6/2023,0.06488,0.06701,0.068518,0.064748,982.49M,-3.18%
7/5/2023,0.067013,0.068913,0.069215,0.065656,965.54M,-2.76%
7/4/2023,0.068913,0.068441,0.071739,0.067817,1.67B,0.73%
7/3/2023,0.068413,0.067975,0.068782,0.067339,883.99M,0.64%
7/2/2023,0.067975,0.068503,0.068978,0.06607,1.31B,-0.77%
7/1/2023,0.068503,0.066492,0.071131,0.066403,2.02B,2.96%
6/30/2023,0.066535,0.063421,0.066839,0.062026,1.98B,4.91%
6/29/2023,0.063421,0.06255,0.064079,0.062441,744.75M,1.40%
6/28/2023,0.062547,0.06556,0.065892,0.060681,1.10B,-4.60%
6/27/2023,0.06556,0.064757,0.065756,0.064483,857.15M,1.22%
6/26/2023,0.064767,0.066719,0.066814,0.063505,1.19B,-2.90%
6/25/2023,0.066704,0.066708,0.067992,0.066437,694.42M,0.00%
6/24/2023,0.066708,0.068224,0.068415,0.065442,1.10B,-2.22%
6/23/2023,0.06822,0.065567,0.069946,0.065365,1.27B,4.05%
6/22/2023,0.065567,0.065642,0.069278,0.065427,1.49B,-0.12%
6/21/2023,0.065644,0.063108,0.066737,0.062845,1.42B,4.02%
6/20/2023,0.063108,0.062429,0.063108,0.060782,696.97M,1.09%
6/19/2023,0.062429,0.062107,0.062755,0.061574,533.66M,0.52%
6/18/2023,0.062107,0.062193,0.063901,0.061409,938.05M,-0.14%
6/17/2023,0.062193,0.062172,0.062927,0.061778,544.38M,0.03%
6/16/2023,0.062172,0.06151,0.062744,0.06091,736.34M,1.08%
6/15/2023,0.061509,0.060413,0.061948,0.059738,774.12M,1.81%
6/14/2023,0.060413,0.061725,0.062178,0.058498,988.86M,-2.13%
6/13/2023,0.061726,0.061436,0.062642,0.060637,721.04M,0.47%
6/12/2023,0.061436,0.061528,0.06169,0.06009,788.59M,-0.15%
6/11/2023,0.061528,0.061765,0.062847,0.061089,875.00M,-0.38%
6/10/2023,0.061765,0.069462,0.070869,0.055888,3.58B,-11.08%
6/9/2023,0.069462,0.067941,0.071069,0.067451,914.85M,2.24%
6/8/2023,0.067941,0.067284,0.068448,0.066998,523.93M,0.98%
6/7/2023,0.067284,0.07025,0.070291,0.066743,903.49M,-4.22%
6/6/2023,0.07025,0.066441,0.071971,0.065983,1.49B,5.73%
6/5/2023,0.066441,0.072481,0.072684,0.063674,1.74B,-8.34%
6/4/2023,0.072487,0.072709,0.073299,0.072368,361.80M,-0.30%
6/3/2023,0.072708,0.072571,0.072974,0.072207,297.37M,0.19%
6/2/2023,0.072571,0.071427,0.073268,0.071052,519.35M,1.59%
6/1/2023,0.071434,0.071659,0.072173,0.070783,485.33M,-0.32%
5/31/2023,0.071661,0.072312,0.072673,0.070738,574.92M,-0.90%
5/30/2023,0.072312,0.073136,0.073449,0.072153,682.57M,-1.12%
5/29/2023,0.073135,0.073537,0.073975,0.072721,414.39M,-0.55%
5/28/2023,0.073537,0.072608,0.073959,0.071889,564.40M,1.28%
5/27/2023,0.072608,0.070962,0.073366,0.070839,474.84M,2.32%
5/26/2023,0.070962,0.070882,0.071349,0.070382,558.07M,0.11%
5/25/2023,0.070884,0.07065,0.071011,0.06889,652.66M,0.32%
5/24/2023,0.070656,0.072877,0.072881,0.069765,814.18M,-3.05%
5/23/2023,0.07288,0.07292,0.073901,0.072465,471.06M,-0.05%
5/22/2023,0.07292,0.072114,0.073976,0.07099,651.39M,1.12%
5/21/2023,0.072114,0.073628,0.073979,0.071991,409.63M,-2.06%
5/20/2023,0.073629,0.073494,0.073846,0.073085,289.95M,0.18%
5/19/2023,0.073494,0.07343,0.074024,0.07303,484.32M,0.09%
5/18/2023,0.07343,0.074833,0.074892,0.071695,1.06B,-1.81%
5/17/2023,0.074784,0.072751,0.075424,0.07234,1.09B,2.79%
5/16/2023,0.072751,0.071952,0.073238,0.070924,578.78M,1.11%
5/15/2023,0.071953,0.071967,0.073549,0.070961,728.58M,-0.02%
5/14/2023,0.071967,0.071666,0.072629,0.071219,363.44M,0.42%
5/13/2023,0.071665,0.072367,0.072398,0.071357,434.51M,-0.97%
5/12/2023,0.072369,0.071957,0.072616,0.069362,1.29B,0.58%
5/11/2023,0.071955,0.07313,0.07316,0.069324,1.18B,-1.64%
5/10/2023,0.073154,0.073115,0.074658,0.070594,1.19B,0.05%
5/9/2023,0.073114,0.072416,0.073341,0.07213,770.90M,0.97%
5/8/2023,0.072415,0.076502,0.077086,0.070287,1.49B,-5.34%
5/7/2023,0.076502,0.076741,0.077487,0.076277,615.95M,-0.31%
5/6/2023,0.076741,0.080203,0.080454,0.07591,1.14B,-4.31%
5/5/2023,0.080201,0.07839,0.081456,0.077674,1.07B,2.31%
5/4/2023,0.07839,0.079603,0.079702,0.077972,709.51M,-1.52%
5/3/2023,0.079598,0.078774,0.080652,0.077172,865.38M,1.05%
5/2/2023,0.078774,0.078823,0.07907,0.077674,589.72M,-0.06%
5/1/2023,0.078824,0.079462,0.080007,0.07739,933.49M,-0.80%
4/30/2023,0.079462,0.081576,0.081693,0.079283,720.75M,-2.59%
4/29/2023,0.081576,0.080332,0.081909,0.080205,723.16M,1.55%
4/28/2023,0.080334,0.080137,0.080601,0.079233,642.71M,0.25%
4/27/2023,0.080137,0.078592,0.080922,0.0784,1.34B,1.94%
4/26/2023,0.078608,0.079745,0.083459,0.0753,2.38B,-1.43%
4/25/2023,0.079745,0.078744,0.079944,0.077568,882.19M,1.26%
4/24/2023,0.07875,0.078778,0.080006,0.077237,1.05B,-0.04%
4/23/2023,0.078778,0.08027,0.080729,0.076911,995.77M,-1.86%
4/22/2023,0.08027,0.078427,0.080936,0.078187,1.04B,2.35%
4/21/2023,0.078427,0.083894,0.084663,0.077244,2.78B,-6.52%
4/20/2023,0.083894,0.087892,0.093238,0.082759,5.81B,-4.55%
4/19/2023,0.087892,0.093951,0.094129,0.085836,3.69B,-6.45%
4/18/2023,0.093953,0.091394,0.094664,0.089817,2.23B,2.80%
4/17/2023,0.091392,0.09047,0.094702,0.088289,3.73B,1.02%
4/16/2023,0.090465,0.088894,0.091754,0.087765,1.53B,1.77%
4/15/2023,0.08889,0.088684,0.090512,0.087233,1.13B,0.21%
4/14/2023,0.088707,0.087344,0.091169,0.085505,2.90B,1.56%
4/13/2023,0.087344,0.083406,0.08879,0.082866,2.35B,4.73%
4/12/2023,0.083398,0.084133,0.084487,0.081099,2.19B,-0.87%
4/11/2023,0.08413,0.084794,0.085791,0.083623,1.29B,-0.79%
4/10/2023,0.084797,0.083194,0.085402,0.082332,1.24B,1.92%
4/9/2023,0.083197,0.081359,0.083846,0.081194,1.14B,2.26%
4/8/2023,0.081359,0.082232,0.083827,0.080629,1.49B,-1.07%
4/7/2023,0.082243,0.085415,0.086143,0.081623,2.81B,-3.71%
4/6/2023,0.08541,0.092717,0.092717,0.084748,4.19B,-7.88%
4/5/2023,0.092715,0.095163,0.099134,0.091265,4.23B,-2.57%
4/4/2023,0.095163,0.09604,0.103232,0.09233,8.93B,-0.91%
4/3/2023,0.09604,0.079022,0.10406,0.076252,10.60B,21.53%
4/2/2023,0.079023,0.081822,0.085483,0.077413,2.65B,-3.42%
4/1/2023,0.081822,0.076982,0.083261,0.075934,2.28B,6.28%
3/31/2023,0.076984,0.074226,0.077803,0.073524,1.05B,3.72%
3/30/2023,0.074226,0.075613,0.076767,0.073506,1.09B,-1.84%
3/29/2023,0.075617,0.073807,0.076822,0.073512,1.27B,2.52%
3/28/2023,0.07376,0.072865,0.074025,0.071746,845.61M,1.23%
3/27/2023,0.072863,0.074375,0.07596,0.071345,1.43B,-2.03%
3/26/2023,0.074377,0.07406,0.075391,0.073404,633.05M,0.43%
3/25/2023,0.074055,0.074573,0.075966,0.072577,828.97M,-0.69%
3/24/2023,0.074573,0.077387,0.077498,0.073103,1.15B,-3.64%
3/23/2023,0.077387,0.073843,0.078919,0.072986,2.18B,4.79%
3/22/2023,0.073851,0.076685,0.077821,0.071648,2.53B,-3.70%
3/21/2023,0.076685,0.071342,0.077779,0.070404,1.97B,7.49%
3/20/2023,0.071345,0.074541,0.075558,0.070528,1.37B,-4.19%
3/19/2023,0.074462,0.072959,0.076498,0.072959,1.04B,2.06%
3/18/2023,0.072959,0.076443,0.078775,0.072531,1.91B,-4.53%
3/17/2023,0.076421,0.072588,0.077228,0.071528,1.66B,5.31%
3/16/2023,0.072567,0.069681,0.074004,0.068919,1.25B,4.14%
3/15/2023,0.069682,0.07464,0.075918,0.067488,1.91B,-6.67%
3/14/2023,0.074665,0.072862,0.07755,0.071217,2.05B,2.47%
3/13/2023,0.072862,0.070603,0.073532,0.068274,1.75B,3.22%
3/12/2023,0.070587,0.066185,0.070816,0.065486,1.25B,6.65%
3/11/2023,0.066185,0.065794,0.068312,0.063401,1.51B,0.59%
3/10/2023,0.065794,0.065995,0.066144,0.062686,1.79B,-0.27%
3/9/2023,0.065974,0.071104,0.072269,0.064118,2.23B,-7.24%
3/8/2023,0.07112,0.07403,0.074305,0.070308,1.09B,-3.93%
3/7/2023,0.074029,0.07479,0.07596,0.072439,1.00B,-1.01%
3/6/2023,0.074783,0.074756,0.075115,0.073332,806.82M,0.04%
3/5/2023,0.074756,0.074657,0.076039,0.074301,619.49M,0.13%
3/4/2023,0.07466,0.076838,0.077212,0.072659,734.67M,-2.80%
3/3/2023,0.076811,0.080552,0.080607,0.073579,1.84B,-4.63%
3/2/2023,0.08054,0.081944,0.082257,0.079635,568.70M,-1.71%
3/1/2023,0.081945,0.080809,0.082821,0.080298,621.10M,1.43%
2/28/2023,0.080792,0.081354,0.083037,0.079929,1.11B,-0.66%
2/27/2023,0.081333,0.082214,0.082256,0.079979,751.01M,-1.08%
2/26/2023,0.082219,0.080742,0.082567,0.080434,583.64M,1.83%
2/25/2023,0.080742,0.080877,0.081993,0.078583,926.68M,-0.16%
2/24/2023,0.080875,0.084245,0.08497,0.07939,1.31B,-4.01%
2/23/2023,0.084254,0.085463,0.086392,0.083568,960.36M,-1.41%
2/22/2023,0.085463,0.085457,0.087578,0.08289,2.30B,0.01%
2/21/2023,0.085457,0.08829,0.088759,0.084573,1.32B,-3.21%
2/20/2023,0.08829,0.087084,0.088669,0.085352,1.17B,1.40%
2/19/2023,0.087069,0.088822,0.089859,0.086073,1.29B,-1.97%
2/18/2023,0.088822,0.087703,0.090356,0.086793,978.84M,1.29%
2/17/2023,0.087689,0.084901,0.088484,0.084393,1.10B,3.21%
2/16/2023,0.08496,0.089272,0.091886,0.084773,2.39B,-4.84%
2/15/2023,0.089283,0.083555,0.089572,0.082673,2.54B,6.86%
2/14/2023,0.083554,0.082033,0.08369,0.080419,1.14B,1.85%
2/13/2023,0.082032,0.082192,0.086367,0.079586,2.24B,-0.19%
2/12/2023,0.082192,0.082255,0.085786,0.08125,1.25B,-0.07%
2/11/2023,0.08225,0.080924,0.082563,0.080682,549.61M,1.64%
2/10/2023,0.080922,0.081454,0.082946,0.07982,1.45B,-0.65%
2/9/2023,0.081454,0.09017,0.090927,0.079612,2.36B,-9.67%
2/8/2023,0.09017,0.092537,0.093308,0.088645,1.10B,-2.56%
2/7/2023,0.092537,0.089549,0.092728,0.089458,1.14B,3.44%
2/6/2023,0.089463,0.092083,0.093233,0.088828,1.27B,-2.85%
2/5/2023,0.092083,0.095679,0.096899,0.090594,2.10B,-3.75%
2/4/2023,0.095672,0.092877,0.099721,0.092552,3.02B,3.01%
2/3/2023,0.092876,0.090976,0.093325,0.09039,1.49B,2.16%
2/2/2023,0.090914,0.093948,0.09582,0.090279,2.13B,-3.24%
2/1/2023,0.093957,0.096109,0.096882,0.088379,3.29B,-2.23%
1/31/2023,0.096096,0.088385,0.097679,0.088307,4.52B,8.72%
1/30/2023,0.088386,0.090147,0.092611,0.085046,2.50B,-1.95%
1/29/2023,0.090147,0.087772,0.090991,0.087342,1.35B,2.71%
1/28/2023,0.087772,0.087212,0.093131,0.086877,1.82B,0.64%
1/27/2023,0.087212,0.08644,0.087975,0.083999,1.11B,0.91%
1/26/2023,0.086429,0.086543,0.087435,0.084829,1.14B,-0.18%
1/25/2023,0.086584,0.083855,0.08804,0.081898,1.54B,3.25%
1/24/2023,0.083857,0.088486,0.090749,0.083152,1.59B,-5.23%
1/23/2023,0.088486,0.08824,0.091438,0.086869,2.00B,0.28%
1/22/2023,0.08824,0.084605,0.093162,0.084502,2.39B,4.30%
1/21/2023,0.084605,0.086296,0.088987,0.08437,2.24B,-1.97%
1/20/2023,0.086305,0.081607,0.086979,0.080688,1.36B,5.75%
1/19/2023,0.081613,0.080042,0.082122,0.079946,1.03B,1.94%
1/18/2023,0.080059,0.082806,0.089473,0.079614,3.26B,-3.31%
1/17/2023,0.082799,0.083687,0.08489,0.082382,1.06B,-1.06%
1/16/2023,0.083687,0.086111,0.088064,0.081928,1.82B,-2.82%
1/15/2023,0.086112,0.087297,0.08777,0.082923,1.61B,-1.44%
1/14/2023,0.087368,0.084519,0.092126,0.084186,3.61B,3.38%
1/13/2023,0.084515,0.080287,0.085061,0.078972,1.94B,5.27%
1/12/2023,0.080287,0.07813,0.081125,0.075406,2.68B,2.76%
1/11/2023,0.07813,0.077807,0.078372,0.074894,1.52B,0.42%
1/10/2023,0.077807,0.075655,0.077807,0.074126,1.97B,2.84%
1/9/2023,0.075655,0.073565,0.079454,0.073031,3.32B,2.83%
1/8/2023,0.073574,0.07216,0.073902,0.07131,954.11M,1.96%
1/7/2023,0.072156,0.07242,0.072949,0.071684,587.15M,-0.36%
1/6/2023,0.07242,0.071485,0.072663,0.069947,1.26B,1.31%
1/5/2023,0.071485,0.07314,0.075177,0.071085,1.72B,-2.27%
1/4/2023,0.073147,0.070473,0.073394,0.070209,1.28B,3.79%
1/3/2023,0.070477,0.071382,0.072275,0.069617,1.11B,-1.26%
1/2/2023,0.07138,0.070218,0.073037,0.069098,1.68B,1.63%
1/1/2023,0.070237,0.070169,0.070783,0.069075,723.17M,0.13%
12/31/2022,0.070144,0.068392,0.071239,0.067988,1.18B,2.56%
12/30/2022,0.068395,0.070933,0.071405,0.066392,1.86B,-3.60%
12/29/2022,0.070952,0.070376,0.071441,0.069455,1.16B,0.81%
12/28/2022,0.070382,0.073704,0.073848,0.06961,2.31B,-4.51%
12/27/2022,0.073704,0.075672,0.076088,0.072824,1.04B,-2.61%
12/26/2022,0.075679,0.076009,0.076484,0.074613,888.95M,-0.43%
12/25/2022,0.076009,0.077525,0.077653,0.073927,1.68B,-1.96%
12/24/2022,0.077529,0.077206,0.07802,0.07669,562.87M,0.42%
12/23/2022,0.077203,0.076864,0.078862,0.076576,1.55B,0.44%
12/22/2022,0.076864,0.07372,0.077563,0.073294,2.18B,4.25%
12/21/2022,0.073729,0.074852,0.07502,0.071591,1.44B,-1.50%
12/20/2022,0.074852,0.071364,0.075388,0.071166,1.63B,4.89%
12/19/2022,0.07136,0.078437,0.07946,0.070279,2.42B,-9.02%
12/18/2022,0.078437,0.079212,0.080041,0.077641,944.00M,-0.98%
12/17/2022,0.079213,0.075821,0.079417,0.075551,1.99B,4.53%
12/16/2022,0.075783,0.08479,0.086787,0.074476,2.64B,-10.62%
12/15/2022,0.08479,0.08822,0.088779,0.084204,1.30B,-3.88%
12/14/2022,0.088211,0.091038,0.092372,0.087642,1.78B,-3.09%
12/13/2022,0.091023,0.090286,0.094664,0.087269,2.30B,0.82%
12/12/2022,0.090281,0.092657,0.092987,0.085129,2.68B,-2.64%
12/11/2022,0.092725,0.096382,0.097117,0.092025,832.14M,-3.80%
12/10/2022,0.096385,0.096692,0.097361,0.09607,607.12M,-0.31%
12/9/2022,0.096684,0.098508,0.099272,0.095707,1.22B,-1.86%
12/8/2022,0.098512,0.09574,0.099027,0.094852,1.30B,2.91%
12/7/2022,0.09573,0.10019,0.101192,0.093419,1.79B,-4.44%
12/6/2022,0.100178,0.101484,0.102728,0.098121,1.51B,-1.29%
12/5/2022,0.101488,0.104139,0.111584,0.099575,2.70B,-2.51%
12/4/2022,0.104097,0.099597,0.105412,0.099552,2.04B,4.52%
12/3/2022,0.099595,0.102198,0.102899,0.0987,1.80B,-2.54%
12/2/2022,0.102187,0.101708,0.103398,0.096942,2.06B,0.47%
12/1/2022,0.101708,0.106775,0.107715,0.100512,2.50B,-4.75%
11/30/2022,0.106775,0.10148,0.10982,0.10001,3.81B,5.21%
11/29/2022,0.101484,0.095139,0.104971,0.093712,3.85B,6.67%
11/28/2022,0.095136,0.098537,0.099435,0.090785,4.31B,-3.43%
11/27/2022,0.098519,0.088906,0.107755,0.08881,5.56B,10.82%
11/26/2022,0.088904,0.089357,0.095262,0.087559,2.62B,-0.50%
11/25/2022,0.08935,0.081459,0.091394,0.080777,3.26B,9.69%
11/24/2022,0.081459,0.081976,0.084131,0.080554,982.58M,-0.63%
11/23/2022,0.081978,0.078728,0.083464,0.077829,1.67B,4.18%
11/22/2022,0.078692,0.074668,0.07951,0.073346,1.91B,5.39%
11/21/2022,0.074666,0.077082,0.077259,0.071512,2.42B,-3.11%
11/20/2022,0.077064,0.084521,0.085797,0.076582,1.55B,-8.83%
11/19/2022,0.084529,0.084121,0.084957,0.08384,641.01M,0.29%
11/18/2022,0.084285,0.085026,0.085901,0.083653,1.05B,-0.59%
11/17/2022,0.084787,0.084884,0.087207,0.082764,1.44B,-0.11%
11/16/2022,0.084883,0.08703,0.091109,0.083648,1.99B,-2.47%
11/15/2022,0.08703,0.085879,0.089413,0.085163,1.84B,1.34%
11/14/2022,0.085879,0.084991,0.09093,0.079456,3.30B,1.04%
11/13/2022,0.084993,0.088086,0.091381,0.083175,2.88B,-3.49%
11/12/2022,0.08807,0.085067,0.094503,0.078578,4.89B,3.49%
11/11/2022,0.085096,0.08972,0.092769,0.080232,3.40B,-5.16%
11/10/2022,0.089723,0.074224,0.093836,0.073521,6.20B,20.87%
11/9/2022,0.074228,0.088374,0.091945,0.070767,7.51B,-15.95%
11/8/2022,0.088311,0.11121,0.112465,0.078195,8.97B,-20.59%
11/7/2022,0.11121,0.114765,0.11897,0.108016,2.82B,-3.09%
11/6/2022,0.114755,0.124473,0.12752,0.11291,2.54B,-7.80%
11/5/2022,0.124469,0.126094,0.135591,0.122251,3.62B,-1.30%
11/4/2022,0.126109,0.122372,0.129056,0.115611,6.32B,3.07%
11/3/2022,0.122354,0.127706,0.136887,0.120139,5.36B,-4.24%
11/2/2022,0.127765,0.142183,0.147603,0.122578,8.86B,-10.18%
11/1/2022,0.142243,0.126834,0.158237,0.12488,12.96B,12.13%
10/31/2022,0.126858,0.117636,0.130866,0.114439,9.63B,7.86%
10/30/2022,0.117611,0.121878,0.143027,0.112175,11.68B,-3.50%
10/29/2022,0.121873,0.083749,0.150228,0.083042,19.47B,45.51%
10/28/2022,0.083754,0.076846,0.0883,0.072656,8.12B,8.99%
10/27/2022,0.076844,0.072803,0.085412,0.071784,7.01B,5.55%
10/26/2022,0.072806,0.062945,0.073536,0.062625,3.81B,15.66%
10/25/2022,0.062951,0.059452,0.06417,0.059148,1.49B,5.89%
10/24/2022,0.059447,0.06037,0.060889,0.0587,507.06M,-1.53%
10/23/2022,0.06037,0.059691,0.060444,0.058837,380.52M,1.14%
10/22/2022,0.059691,0.059318,0.059892,0.059109,310.03M,0.63%
10/21/2022,0.059317,0.059434,0.059493,0.057233,473.97M,-0.20%
10/20/2022,0.059439,0.058691,0.060315,0.058283,693.89M,1.27%
10/19/2022,0.058691,0.059754,0.060757,0.058356,729.82M,-1.78%
10/18/2022,0.059754,0.059943,0.061015,0.058557,539.99M,-0.31%
10/17/2022,0.059943,0.0589,0.060165,0.058557,304.53M,1.79%
10/16/2022,0.05889,0.058564,0.059435,0.05849,246.76M,0.55%
10/15/2022,0.058568,0.058663,0.059734,0.058003,366.71M,-0.16%
10/14/2022,0.058663,0.05965,0.061004,0.058204,516.32M,-1.66%
10/13/2022,0.05965,0.05981,0.06023,0.055189,1.14B,-0.27%
10/12/2022,0.05981,0.060246,0.060988,0.059333,395.67M,-0.73%
10/11/2022,0.060249,0.059381,0.060844,0.057564,741.52M,1.47%
10/10/2022,0.059376,0.062125,0.062505,0.059367,645.77M,-4.42%
10/9/2022,0.062125,0.061642,0.062378,0.061189,343.06M,0.78%
10/8/2022,0.061642,0.062365,0.062656,0.061215,360.93M,-1.18%
10/7/2022,0.062378,0.063445,0.063816,0.061377,801.92M,-1.69%
10/6/2022,0.063453,0.064781,0.066794,0.063019,1.06B,-2.05%
10/5/2022,0.064781,0.065842,0.066697,0.062792,1.73B,-1.58%
10/4/2022,0.065823,0.060341,0.066343,0.059956,2.59B,9.09%
10/3/2022,0.060337,0.059239,0.06049,0.058851,515.86M,1.85%
10/2/2022,0.059239,0.060584,0.060958,0.05894,502.90M,-2.21%
10/1/2022,0.060579,0.061675,0.063071,0.060288,1.03B,-1.78%
9/30/2022,0.061677,0.060834,0.062199,0.059839,985.49M,1.40%
9/29/2022,0.060827,0.060507,0.061075,0.059309,567.05M,0.50%
9/28/2022,0.060521,0.060497,0.061089,0.058553,721.76M,0.04%
9/27/2022,0.060498,0.06113,0.063046,0.059796,939.39M,-1.03%
9/26/2022,0.061129,0.061179,0.061867,0.059901,865.73M,-0.08%
9/25/2022,0.061179,0.063105,0.063847,0.060119,1.05B,-3.05%
9/24/2022,0.063106,0.06337,0.068159,0.062808,3.23B,-0.42%
9/23/2022,0.06337,0.05958,0.064205,0.05922,2.09B,6.37%
9/22/2022,0.059577,0.057188,0.060039,0.056841,816.19M,4.17%
9/21/2022,0.05719,0.058409,0.060734,0.056106,1.32B,-2.09%
9/20/2022,0.058409,0.058528,0.060497,0.05762,898.13M,-0.21%
9/19/2022,0.058531,0.057449,0.058809,0.055954,955.50M,1.90%
9/18/2022,0.057439,0.06221,0.06221,0.056881,836.91M,-7.66%
9/17/2022,0.062204,0.060468,0.062385,0.060263,706.96M,2.88%
9/16/2022,0.060465,0.058613,0.060488,0.058146,822.86M,3.15%
9/15/2022,0.058617,0.061122,0.061208,0.058498,1.11B,-4.10%
9/14/2022,0.061121,0.059625,0.061443,0.059306,1.17B,2.50%
9/13/2022,0.059632,0.063953,0.064147,0.059268,1.50B,-6.76%
9/12/2022,0.063952,0.063699,0.065359,0.06263,1.06B,0.44%
9/11/2022,0.063672,0.064673,0.065288,0.062644,1.06B,-1.54%
9/10/2022,0.06467,0.063876,0.065386,0.063217,1.32B,1.24%
9/9/2022,0.063876,0.060956,0.064662,0.060911,1.54B,4.78%
9/8/2022,0.06096,0.060965,0.0614,0.059674,755.31M,-0.01%
9/7/2022,0.060966,0.058853,0.06152,0.057526,941.23M,3.59%
9/6/2022,0.058853,0.06271,0.065124,0.058203,1.59B,-6.16%
9/5/2022,0.062714,0.063211,0.063719,0.061049,659.09M,-0.79%
9/4/2022,0.063211,0.062646,0.063708,0.061841,705.39M,0.90%
9/3/2022,0.062648,0.061643,0.063807,0.061146,904.51M,1.59%
9/2/2022,0.061668,0.062299,0.062718,0.060727,754.25M,-1.02%
9/1/2022,0.062304,0.061329,0.062551,0.059984,957.75M,1.60%
8/31/2022,0.061323,0.061505,0.063418,0.060768,943.83M,-0.29%
8/30/2022,0.061503,0.063815,0.064372,0.060242,969.52M,-3.61%
8/29/2022,0.063809,0.061646,0.064013,0.060917,982.15M,3.50%
8/28/2022,0.06165,0.063382,0.064149,0.061336,916.32M,-2.69%
8/27/2022,0.063352,0.063316,0.063973,0.062231,1.21B,0.03%
8/26/2022,0.063331,0.06879,0.069127,0.062709,1.95B,-7.86%
8/25/2022,0.068737,0.067708,0.071312,0.067644,1.30B,1.54%
8/24/2022,0.067697,0.068487,0.069348,0.066785,839.41M,-1.18%
8/23/2022,0.068507,0.068085,0.068927,0.066662,750.63M,0.87%
8/22/2022,0.067914,0.068997,0.069078,0.064882,1.30B,-1.57%
8/21/2022,0.068996,0.069174,0.070484,0.067366,1.35B,-0.25%
8/20/2022,0.069172,0.067719,0.070807,0.067575,1.74B,2.28%
8/19/2022,0.067629,0.074347,0.074837,0.066952,3.23B,-9.02%
8/18/2022,0.074337,0.079612,0.08142,0.073574,1.80B,-6.66%
8/17/2022,0.079641,0.085749,0.08776,0.079005,2.89B,-7.11%
8/16/2022,0.085735,0.076055,0.088242,0.075725,5.69B,12.78%
8/15/2022,0.076022,0.080708,0.080895,0.074258,2.50B,-5.81%
8/14/2022,0.080711,0.072552,0.083282,0.072287,4.47B,11.29%
8/13/2022,0.072524,0.071932,0.074583,0.071497,1.17B,0.82%
8/12/2022,0.071934,0.070503,0.072299,0.069482,782.41M,2.03%
8/11/2022,0.070503,0.070888,0.074604,0.07017,1.64B,-0.54%
8/10/2022,0.070888,0.06875,0.071091,0.066582,1.25B,3.11%
8/9/2022,0.068751,0.069896,0.073732,0.067769,1.84B,-1.63%
8/8/2022,0.069893,0.068877,0.072082,0.068768,1.13B,1.48%
8/7/2022,0.068877,0.068618,0.069856,0.067464,504.36M,0.38%
8/6/2022,0.068618,0.069699,0.071065,0.06844,758.12M,-1.55%
8/5/2022,0.069697,0.067216,0.070095,0.067206,948.32M,3.69%
8/4/2022,0.067214,0.066174,0.067541,0.065783,626.19M,1.57%
8/3/2022,0.066174,0.066536,0.068387,0.065169,691.87M,-0.54%
8/2/2022,0.066534,0.068496,0.069023,0.065524,853.83M,-2.88%
8/1/2022,0.068508,0.06811,0.071145,0.06689,1.17B,0.59%
7/31/2022,0.068106,0.069602,0.072109,0.067836,1.13B,-2.14%
7/30/2022,0.069598,0.068693,0.074323,0.068059,1.89B,1.32%
7/29/2022,0.068691,0.069114,0.072367,0.067328,1.57B,-0.61%
7/28/2022,0.06911,0.067187,0.070798,0.065341,1.51B,2.86%
7/27/2022,0.06719,0.062552,0.06719,0.061788,1.07B,7.42%
7/26/2022,0.062549,0.061905,0.062634,0.060154,853.37M,0.94%
7/25/2022,0.061967,0.067534,0.067951,0.061819,995.87M,-8.28%
7/24/2022,0.067562,0.068042,0.068921,0.06734,603.61M,-0.70%
7/23/2022,0.06804,0.067364,0.069444,0.065983,773.65M,0.99%
7/22/2022,0.067371,0.07001,0.071375,0.066815,971.46M,-3.77%
7/21/2022,0.070011,0.070075,0.070844,0.067027,1.13B,-0.09%
7/20/2022,0.070075,0.069039,0.076849,0.067779,2.78B,1.49%
7/19/2022,0.069045,0.067684,0.070209,0.065493,1.52B,2.01%
7/18/2022,0.067685,0.063038,0.068797,0.063006,1.67B,7.37%
7/17/2022,0.063038,0.064374,0.065493,0.062921,634.14M,-2.06%
7/16/2022,0.064362,0.062932,0.064804,0.061781,712.45M,2.27%
7/15/2022,0.062936,0.062429,0.064359,0.061648,968.14M,0.82%
7/14/2022,0.062424,0.061948,0.062774,0.059506,899.83M,0.77%
7/13/2022,0.061949,0.059787,0.062078,0.057692,1.21B,3.63%
7/12/2022,0.05978,0.061744,0.062976,0.059733,719.50M,-3.19%
7/11/2022,0.061751,0.067239,0.067242,0.061208,883.59M,-8.16%
7/10/2022,0.067237,0.069464,0.06948,0.066316,707.63M,-3.21%
7/9/2022,0.069464,0.069081,0.070112,0.068856,494.86M,0.57%
7/8/2022,0.069073,0.070593,0.07326,0.068283,1.14B,-2.14%
7/7/2022,0.070584,0.068458,0.071174,0.067936,973.80M,3.10%
7/6/2022,0.06846,0.06716,0.069255,0.066214,956.69M,1.94%
7/5/2022,0.06716,0.069326,0.069982,0.065542,914.26M,-3.11%
7/4/2022,0.069318,0.067208,0.069776,0.065694,939.54M,3.15%
7/3/2022,0.067199,0.066633,0.067457,0.064958,684.15M,0.87%
7/2/2022,0.066623,0.066416,0.067791,0.065629,916.81M,0.32%
7/1/2022,0.066411,0.066301,0.068075,0.063989,1.32B,0.14%
6/30/2022,0.066322,0.069495,0.06965,0.062376,1.66B,-4.58%
6/29/2022,0.069504,0.06605,0.071455,0.064197,1.69B,5.23%
6/28/2022,0.066046,0.072003,0.073116,0.06547,1.63B,-8.25%
6/27/2022,0.071983,0.072941,0.078601,0.070597,2.74B,-1.31%
6/26/2022,0.072938,0.068507,0.077486,0.067255,2.68B,6.47%
6/25/2022,0.068507,0.066911,0.069195,0.065134,1.16B,2.38%
6/24/2022,0.066913,0.063959,0.068294,0.063941,1.36B,4.64%
6/23/2022,0.063945,0.061674,0.064688,0.061647,1.27B,3.71%
6/22/2022,0.061659,0.065781,0.065786,0.061093,1.96B,-6.25%
6/21/2022,0.065773,0.060046,0.06972,0.059037,3.30B,9.54%
6/20/2022,0.060043,0.060477,0.061324,0.057453,1.51B,-0.71%
6/19/2022,0.060469,0.052884,0.062835,0.051185,3.64B,14.37%
6/18/2022,0.052871,0.056857,0.057822,0.049239,2.39B,-7.00%
6/17/2022,0.056851,0.055206,0.058002,0.054641,1.17B,3.02%
6/16/2022,0.055182,0.062798,0.062798,0.054264,2.54B,-11.96%
6/15/2022,0.062678,0.055547,0.063649,0.050452,3.69B,12.79%
6/14/2022,0.055569,0.05418,0.058345,0.04987,3.30B,2.63%
6/13/2022,0.054145,0.063531,0.065888,0.052494,4.78B,-14.77%
6/12/2022,0.063528,0.069845,0.070311,0.06349,1.99B,-8.99%
6/11/2022,0.069803,0.075364,0.076459,0.068175,1.29B,-7.38%
6/10/2022,0.075363,0.079343,0.079653,0.074248,906.17M,-5.03%
6/9/2022,0.079351,0.079288,0.081035,0.078945,546.14M,0.08%
6/8/2022,0.079291,0.080365,0.081545,0.078834,849.30M,-1.35%
6/7/2022,0.080374,0.082501,0.08254,0.077819,1.27B,-2.56%
6/6/2022,0.082489,0.081038,0.084687,0.080903,1.37B,1.69%
6/5/2022,0.081115,0.081835,0.082193,0.080596,647.40M,-0.88%
6/4/2022,0.081835,0.080273,0.082428,0.079337,906.09M,1.94%
6/3/2022,0.080275,0.082757,0.082939,0.07938,1.02B,-3.00%
6/2/2022,0.082755,0.080976,0.083114,0.080106,1.15B,2.20%
6/1/2022,0.08097,0.085831,0.089324,0.079056,2.50B,-5.63%
5/31/2022,0.085803,0.087918,0.088425,0.083159,1.79B,-2.38%
5/30/2022,0.087898,0.082699,0.088414,0.08211,1.63B,6.29%
5/29/2022,0.082697,0.081798,0.083221,0.079956,569.60M,1.10%
5/28/2022,0.081798,0.081332,0.08319,0.080876,833.58M,0.60%
5/27/2022,0.08131,0.077868,0.087072,0.076101,2.80B,4.41%
5/26/2022,0.077878,0.082975,0.083702,0.075445,1.26B,-6.14%
5/25/2022,0.082975,0.083675,0.084473,0.082118,613.71M,-0.77%
5/24/2022,0.083616,0.083276,0.084311,0.080195,581.83M,0.46%
5/23/2022,0.083231,0.085874,0.088293,0.082195,763.73M,-3.08%
5/22/2022,0.085874,0.084428,0.086644,0.083853,344.76M,1.71%
5/21/2022,0.084427,0.083892,0.085293,0.082574,327.66M,0.68%
5/20/2022,0.083859,0.086643,0.087901,0.082608,732.84M,-3.23%
5/19/2022,0.086661,0.083366,0.087415,0.081508,854.45M,3.95%
5/18/2022,0.083366,0.090267,0.090967,0.083151,988.79M,-7.66%
5/17/2022,0.090277,0.087985,0.091331,0.086973,1.01B,2.64%
5/16/2022,0.087952,0.093191,0.093191,0.085903,1.05B,-5.63%
5/15/2022,0.093197,0.089386,0.093197,0.086587,1.16B,4.26%
5/14/2022,0.089386,0.088083,0.091874,0.083685,1.68B,1.47%
5/13/2022,0.08809,0.082447,0.095103,0.082152,3.69B,6.78%
5/12/2022,0.082498,0.084823,0.089624,0.068584,6.26B,-2.74%
5/11/2022,0.084818,0.108044,0.110705,0.075829,7.18B,-21.43%
5/10/2022,0.107958,0.101361,0.118172,0.099659,3.10B,6.48%
5/9/2022,0.101385,0.124116,0.125198,0.101263,3.17B,-18.31%
5/8/2022,0.124115,0.127451,0.128175,0.123157,1.14B,-2.63%
5/7/2022,0.127464,0.127811,0.132207,0.124916,1.33B,-0.27%
5/6/2022,0.127806,0.128132,0.129771,0.123792,1.40B,-0.22%
5/5/2022,0.12809,0.135906,0.137688,0.126271,2.42B,-5.75%
5/4/2022,0.135905,0.129415,0.136086,0.129008,1.44B,5.02%
5/3/2022,0.129413,0.130799,0.131888,0.126586,903.77M,-1.06%
5/2/2022,0.130802,0.132761,0.133896,0.127735,1.19B,-1.49%
5/1/2022,0.132776,0.12744,0.136289,0.12611,1.77B,4.17%
4/30/2022,0.127465,0.134927,0.136757,0.124521,1.82B,-5.52%
4/29/2022,0.134912,0.137491,0.144982,0.133296,2.93B,-1.89%
4/28/2022,0.137507,0.139976,0.143221,0.135475,2.20B,-1.76%
4/27/2022,0.139966,0.137684,0.14559,0.13523,3.41B,1.66%
4/26/2022,0.137684,0.157851,0.166093,0.136269,9.46B,-12.77%
4/25/2022,0.157843,0.131732,0.169885,0.122725,10.48B,19.81%
4/24/2022,0.131746,0.133811,0.134709,0.131198,749.44M,-1.53%
4/23/2022,0.133795,0.136355,0.136716,0.133356,512.07M,-1.89%
4/22/2022,0.136372,0.13621,0.138037,0.134792,833.46M,0.13%
4/21/2022,0.136198,0.140635,0.142716,0.134425,1.28B,-3.14%
4/20/2022,0.140619,0.142581,0.146577,0.139125,1.93B,-1.40%
4/19/2022,0.142616,0.140206,0.144459,0.13923,1.20B,1.72%
4/18/2022,0.140206,0.13914,0.140429,0.133746,1.77B,0.74%
4/17/2022,0.139173,0.143524,0.144905,0.13853,1.03B,-3.04%
4/16/2022,0.14353,0.14593,0.147924,0.141461,1.09B,-1.65%
4/15/2022,0.145933,0.144022,0.149694,0.142113,2.06B,1.41%
4/14/2022,0.143911,0.139871,0.147435,0.137294,3.26B,2.89%
4/13/2022,0.139871,0.137934,0.142936,0.136486,1.55B,1.35%
4/12/2022,0.138006,0.1341,0.144376,0.133234,2.40B,2.90%
4/11/2022,0.134113,0.148102,0.151386,0.133025,3.15B,-9.43%
4/10/2022,0.14807,0.144212,0.157515,0.143608,3.79B,2.71%
4/9/2022,0.14417,0.142583,0.144513,0.140738,921.02M,1.13%
4/8/2022,0.142564,0.146059,0.153003,0.140731,3.26B,-2.38%
4/7/2022,0.146036,0.143365,0.148172,0.14028,2.80B,2.05%
4/6/2022,0.143102,0.172654,0.174104,0.142508,7.38B,-17.05%
4/5/2022,0.172508,0.148517,0.179018,0.147416,9.36B,16.16%
4/4/2022,0.148512,0.146325,0.156286,0.141496,4.01B,1.51%
4/3/2022,0.146308,0.138697,0.149395,0.1363,1.85B,5.48%
4/2/2022,0.138704,0.141403,0.144299,0.138369,1.21B,-1.88%
4/1/2022,0.141361,0.138077,0.142561,0.132265,1.60B,2.36%
3/31/2022,0.138099,0.14317,0.147802,0.136352,2.13B,-3.47%
3/30/2022,0.143061,0.144501,0.145389,0.138524,1.68B,-1.00%
3/29/2022,0.144503,0.142177,0.148796,0.140795,1.80B,1.62%
3/28/2022,0.142204,0.144832,0.1535,0.141409,2.93B,-1.82%
3/27/2022,0.144839,0.136072,0.145376,0.135541,2.75B,6.42%
3/26/2022,0.136101,0.130813,0.136825,0.12909,1.21B,4.03%
3/25/2022,0.130831,0.136814,0.137471,0.128025,1.82B,-4.34%
3/24/2022,0.136773,0.129805,0.140907,0.127841,3.37B,5.36%
3/23/2022,0.129818,0.122436,0.131183,0.121085,1.83B,6.05%
3/22/2022,0.122418,0.119245,0.125622,0.118728,1.03B,2.68%
3/21/2022,0.119218,0.119099,0.121586,0.117789,724.69M,0.14%
3/20/2022,0.119054,0.123539,0.124079,0.11746,688.17M,-3.63%
3/19/2022,0.123535,0.119188,0.124991,0.1184,1.11B,3.63%
3/18/2022,0.119207,0.116343,0.119528,0.114314,339.03M,2.47%
3/17/2022,0.116336,0.116988,0.119228,0.116135,355.05M,-0.57%
3/16/2022,0.116997,0.112591,0.117025,0.112107,527.73M,3.91%
3/15/2022,0.112591,0.113975,0.114209,0.110292,346.15M,-1.17%
3/14/2022,0.113923,0.111566,0.121335,0.110319,774.55M,2.08%
3/13/2022,0.1116,0.114717,0.116291,0.110102,348.52M,-2.71%
3/12/2022,0.11471,0.115419,0.117289,0.11471,109.33M,-0.61%
3/11/2022,0.115416,0.116885,0.118459,0.114119,214.96M,-1.26%
3/10/2022,0.116885,0.121489,0.121751,0.115029,359.25M,-3.79%
3/9/2022,0.121489,0.117086,0.123962,0.116574,305.95M,3.76%
3/8/2022,0.117086,0.118887,0.119963,0.115344,297.77M,0.11%
3/7/2022,0.116952,0.123778,0.123785,0.113997,275.56M,-5.51%
3/6/2022,0.123778,0.123118,0.125528,0.119675,217.34M,0.54%
3/5/2022,0.123119,0.122519,0.126188,0.121068,137.36M,0.51%
3/4/2022,0.122496,0.129689,0.130596,0.12027,373.02M,-5.55%
3/3/2022,0.129689,0.133033,0.133808,0.127289,691.75M,-2.51%
3/2/2022,0.133033,0.13395,0.136758,0.130792,885.68M,-0.69%
3/1/2022,0.133951,0.13347,0.138805,0.129953,1.25B,0.36%
2/28/2022,0.133469,0.122965,0.134819,0.121422,1.07B,8.54%
2/27/2022,0.122963,0.127599,0.12833,0.121306,883.80M,-3.63%
2/26/2022,0.127596,0.127659,0.130276,0.125801,764.79M,-0.05%
2/25/2022,0.127659,0.124013,0.12829,0.120605,1.15B,2.94%
2/24/2022,0.124013,0.127247,0.127674,0.107474,4.01B,-2.52%
2/23/2022,0.127224,0.131335,0.135383,0.127222,959.11M,-3.14%
2/22/2022,0.131352,0.12812,0.131786,0.124295,1.21B,2.55%
2/21/2022,0.128089,0.136627,0.141556,0.127261,1.69B,-6.24%
2/20/2022,0.136611,0.140909,0.141095,0.135477,838.15M,-3.05%
2/19/2022,0.140908,0.138599,0.146354,0.138484,1.07B,1.68%
2/18/2022,0.138583,0.138369,0.142164,0.136167,980.76M,0.12%
2/17/2022,0.138414,0.148754,0.149999,0.137236,1.23B,-6.95%
2/16/2022,0.148757,0.151606,0.151643,0.146288,704.25M,-1.89%
2/15/2022,0.151626,0.145778,0.152347,0.144858,966.78M,3.93%
2/14/2022,0.145895,0.148129,0.150132,0.142986,1.46B,-1.53%
2/13/2022,0.148156,0.144302,0.157644,0.143727,2.61B,2.67%
2/12/2022,0.144303,0.144804,0.147246,0.140862,969.02M,-0.37%
2/11/2022,0.144842,0.151458,0.154203,0.14263,1.21B,-4.34%
2/10/2022,0.151417,0.159353,0.160551,0.150656,1.60B,-4.99%
2/9/2022,0.159365,0.158127,0.162069,0.154445,1.29B,0.83%
2/8/2022,0.158056,0.165201,0.169607,0.153091,2.06B,-4.32%
2/7/2022,0.165193,0.154009,0.172657,0.1515,3.20B,7.27%
2/6/2022,0.153996,0.146911,0.155418,0.144764,1.23B,4.81%
2/5/2022,0.146924,0.147812,0.150426,0.144942,941.50M,-0.55%
2/4/2022,0.147737,0.137855,0.148024,0.137041,1.05B,7.16%
2/3/2022,0.13786,0.137059,0.138802,0.134797,718.45M,0.59%
2/2/2022,0.137058,0.142329,0.1461,0.136238,915.12M,-3.71%
2/1/2022,0.142331,0.141611,0.14425,0.140893,766.06M,0.49%
1/31/2022,0.141632,0.139249,0.142377,0.136478,761.97M,1.69%
1/30/2022,0.139284,0.142894,0.143683,0.138172,652.68M,-2.56%
1/29/2022,0.142947,0.141465,0.143986,0.140551,645.28M,1.01%
1/28/2022,0.141519,0.141355,0.142473,0.137964,883.86M,0.20%
1/27/2022,0.141236,0.143016,0.145477,0.136276,1.30B,-1.21%
1/26/2022,0.142961,0.14266,0.153061,0.141062,2.42B,0.21%
1/25/2022,0.142655,0.137328,0.149085,0.132605,2.41B,3.86%
1/24/2022,0.137352,0.141759,0.141804,0.126167,3.07B,-3.10%
1/23/2022,0.141739,0.133278,0.144228,0.132155,2.35B,6.36%
1/22/2022,0.133266,0.142031,0.145131,0.120493,4.22B,-6.24%
1/21/2022,0.142142,0.155381,0.157406,0.140155,2.76B,-8.56%
1/20/2022,0.15545,0.161634,0.169228,0.154094,1.40B,-3.80%
1/19/2022,0.161593,0.165118,0.169457,0.159315,1.59B,-2.15%
1/18/2022,0.165144,0.170955,0.174161,0.161821,1.70B,-3.42%
1/17/2022,0.170996,0.176683,0.177928,0.16578,1.86B,-3.20%
1/16/2022,0.176653,0.184707,0.184707,0.173712,1.77B,-4.35%
1/15/2022,0.184686,0.183131,0.194355,0.18176,2.74B,0.89%
1/14/2022,0.183061,0.171686,0.211988,0.170741,8.91B,6.64%
1/13/2022,0.171666,0.162804,0.176629,0.161362,3.74B,5.47%
1/12/2022,0.162769,0.153702,0.163087,0.151351,1.54B,5.91%
1/11/2022,0.153689,0.143175,0.165965,0.141826,2.78B,7.34%
1/10/2022,0.14318,0.150545,0.152149,0.13737,1.47B,-4.87%
1/9/2022,0.150507,0.150882,0.153731,0.148723,699.42M,-0.24%
1/8/2022,0.150862,0.154882,0.157782,0.145722,1.08B,-2.59%
1/7/2022,0.154876,0.160096,0.160204,0.149425,1.88B,-3.26%
1/6/2022,0.160091,0.158952,0.161965,0.154099,1.21B,0.76%
1/5/2022,0.158881,0.168516,0.170927,0.147528,1.78B,-5.71%
1/4/2022,0.168498,0.17028,0.172556,0.166777,849.69M,-0.97%
1/3/2022,0.170154,0.174443,0.174493,0.167531,798.45M,-2.45%
1/2/2022,0.174435,0.173105,0.176137,0.170661,525.95M,0.76%
1/1/2022,0.173115,0.170297,0.173674,0.16977,546.16M,1.65%
12/31/2021,0.170297,0.171045,0.175692,0.166378,1.08B,-0.43%
12/30/2021,0.171028,0.167867,0.175694,0.165382,911.70M,1.89%
12/29/2021,0.167849,0.173814,0.177313,0.166564,1.31B,-3.43%
12/28/2021,0.173805,0.187786,0.187915,0.172172,1.65B,-7.43%
12/27/2021,0.187748,0.189775,0.192787,0.187022,1.01B,-1.06%
12/26/2021,0.189756,0.190581,0.192471,0.185259,909.53M,-0.41%
12/25/2021,0.190539,0.186246,0.19464,0.184861,1.46B,2.30%
12/24/2021,0.186256,0.184896,0.195061,0.179521,2.10B,0.78%
12/23/2021,0.184817,0.173029,0.184817,0.171401,1.70B,6.86%
12/22/2021,0.172948,0.170874,0.179554,0.16972,1.43B,1.24%
12/21/2021,0.170831,0.167128,0.172228,0.165807,892.90M,2.24%
12/20/2021,0.167083,0.169424,0.170683,0.161241,1.43B,-1.39%
12/19/2021,0.169432,0.172374,0.174585,0.169191,841.12M,-1.69%
12/18/2021,0.172349,0.168523,0.17531,0.166166,999.07M,2.14%
12/17/2021,0.16874,0.173144,0.176502,0.161859,1.71B,-2.64%
12/16/2021,0.173323,0.180958,0.185111,0.172426,1.74B,-4.22%
12/15/2021,0.180957,0.190981,0.19107,0.170734,3.86B,-5.26%
12/14/2021,0.190998,0.157378,0.219922,0.155293,11.07B,21.37%
12/13/2021,0.157372,0.169677,0.170387,0.151692,1.76B,-7.26%
12/12/2021,0.169689,0.168788,0.173228,0.165701,888.57M,0.57%
12/11/2021,0.168723,0.164007,0.169926,0.161272,1.18B,2.91%
12/10/2021,0.163958,0.169115,0.174449,0.163725,1.34B,-3.07%
12/9/2021,0.169148,0.179136,0.181894,0.169076,1.76B,-5.48%
12/8/2021,0.178961,0.176389,0.182048,0.17244,1.66B,1.49%
12/7/2021,0.17634,0.177924,0.183701,0.175281,1.86B,-1.10%
12/6/2021,0.178293,0.171367,0.180435,0.159361,3.08B,4.06%
12/5/2021,0.171336,0.178943,0.180974,0.162521,2.56B,-4.25%
12/4/2021,0.178945,0.199876,0.200272,0.133105,8.45B,-10.50%
12/3/2021,0.199932,0.209496,0.211818,0.190763,1.86B,-4.55%
12/2/2021,0.209467,0.209312,0.223029,0.201681,2.78B,0.06%
12/1/2021,0.209332,0.214438,0.218703,0.205972,1.36B,-2.38%
11/30/2021,0.214425,0.214956,0.226857,0.212852,2.71B,-0.25%
11/29/2021,0.214954,0.207422,0.224492,0.202924,2.95B,3.59%
11/28/2021,0.207497,0.205053,0.207497,0.191536,1.50B,1.19%
11/27/2021,0.205067,0.201218,0.209279,0.200986,1.41B,1.96%
11/26/2021,0.201134,0.221013,0.221767,0.190079,3.66B,-9.00%
11/25/2021,0.221037,0.217272,0.228956,0.214334,1.76B,1.71%
11/24/2021,0.217321,0.22671,0.229616,0.21172,1.79B,-4.15%
11/23/2021,0.226734,0.219611,0.236107,0.213853,2.49B,3.22%
11/22/2021,0.21967,0.225985,0.226734,0.216683,1.19B,-2.78%
11/21/2021,0.225954,0.233067,0.23346,0.225397,896.90M,-3.05%
11/20/2021,0.23307,0.233062,0.235725,0.225401,965.50M,0.02%
11/19/2021,0.233017,0.221418,0.236942,0.216243,1.61B,5.25%
11/18/2021,0.221384,0.237509,0.241272,0.215556,2.28B,-6.82%
11/17/2021,0.237593,0.236922,0.240956,0.229922,1.66B,0.27%
11/16/2021,0.236965,0.256726,0.256726,0.224591,2.83B,-7.69%
11/15/2021,0.25671,0.262748,0.265189,0.255877,1.18B,-2.28%
11/14/2021,0.262708,0.261281,0.271178,0.260301,1.65B,0.53%
11/13/2021,0.261325,0.259502,0.262266,0.254466,1.12B,0.69%
11/12/2021,0.259542,0.260686,0.268464,0.249854,2.02B,-0.45%
11/11/2021,0.260721,0.25556,0.270167,0.253402,2.04B,1.98%
11/10/2021,0.255661,0.273455,0.277202,0.237132,3.89B,-6.50%
11/9/2021,0.273431,0.282087,0.289811,0.271828,2.89B,-3.12%
11/8/2021,0.282235,0.266269,0.296603,0.264619,5.15B,6.00%
11/7/2021,0.266266,0.261802,0.269565,0.258635,1.37B,1.77%
11/6/2021,0.26163,0.26085,0.267432,0.250844,1.72B,0.30%
11/5/2021,0.260855,0.263542,0.270631,0.257418,1.91B,-1.04%
11/4/2021,0.263591,0.268909,0.270796,0.254394,2.36B,-1.98%
11/3/2021,0.268912,0.273455,0.277232,0.263051,2.52B,-1.61%
11/2/2021,0.273301,0.271789,0.280659,0.267469,2.92B,0.58%
11/1/2021,0.271736,0.279974,0.28583,0.263697,3.85B,-2.93%
10/31/2021,0.279928,0.268516,0.28498,0.252456,5.86B,4.25%
10/30/2021,0.268515,0.288094,0.294704,0.25819,5.08B,-6.78%
10/29/2021,0.288042,0.299655,0.306514,0.277888,7.56B,-3.87%
10/28/2021,0.299635,0.237934,0.339122,0.232689,26.25B,26.19%
10/27/2021,0.237452,0.255746,0.263544,0.219357,8.06B,-7.14%
10/26/2021,0.255722,0.264835,0.274003,0.252977,3.50B,-3.45%
10/25/2021,0.264847,0.275687,0.279834,0.259858,4.66B,-3.94%
10/24/2021,0.275703,0.251133,0.282264,0.24589,7.49B,9.81%
10/23/2021,0.251078,0.244516,0.253563,0.241355,1.96B,2.70%
10/22/2021,0.244472,0.242357,0.252567,0.236026,2.50B,0.89%
10/21/2021,0.242321,0.254771,0.258186,0.24191,2.39B,-4.88%
10/20/2021,0.254748,0.245483,0.261614,0.242163,2.53B,3.78%
10/19/2021,0.245463,0.24721,0.25466,0.24064,2.15B,-0.70%
10/18/2021,0.247185,0.237698,0.27245,0.23731,7.04B,4.00%
10/17/2021,0.237677,0.237287,0.241594,0.226109,1.86B,0.28%
10/16/2021,0.237018,0.234024,0.245365,0.233751,1.88B,1.28%
10/15/2021,0.234027,0.23252,0.243307,0.225427,2.32B,0.64%
10/14/2021,0.232531,0.232552,0.240219,0.23124,1.69B,-0.01%
10/13/2021,0.232549,0.226045,0.233927,0.220598,1.66B,2.88%
10/12/2021,0.226044,0.231331,0.2316,0.216633,1.70B,-2.29%
10/11/2021,0.231346,0.228816,0.23929,0.225421,1.70B,0.95%
10/10/2021,0.229158,0.246621,0.248597,0.227468,1.54B,-7.07%
10/9/2021,0.246595,0.243542,0.251923,0.241286,1.69B,1.29%
10/8/2021,0.243452,0.242807,0.254827,0.241528,2.28B,0.26%
10/7/2021,0.24282,0.254209,0.256688,0.237598,3.64B,-4.49%
10/6/2021,0.254231,0.251927,0.271488,0.242827,5.86B,0.92%
10/5/2021,0.251915,0.241348,0.267413,0.233298,6.04B,4.40%
10/4/2021,0.241294,0.221724,0.248118,0.212778,5.17B,8.81%
10/3/2021,0.221752,0.218545,0.226109,0.215645,1.18B,1.43%
10/2/2021,0.218634,0.222846,0.224738,0.215284,1.29B,-1.87%
10/1/2021,0.222811,0.204248,0.224692,0.201872,1.75B,9.08%
9/30/2021,0.204272,0.198714,0.205766,0.197712,918.85M,2.81%
9/29/2021,0.198698,0.196724,0.20416,0.194712,972.24M,0.99%
9/28/2021,0.196756,0.199669,0.202436,0.196198,910.58M,-1.46%
9/27/2021,0.199666,0.204927,0.209165,0.199634,919.18M,-2.53%
9/26/2021,0.204858,0.208383,0.208821,0.194212,1.28B,-1.69%
9/25/2021,0.208383,0.209143,0.212464,0.204487,1.31B,-0.36%
9/24/2021,0.209142,0.224664,0.228217,0.197086,2.87B,-6.91%
9/23/2021,0.224668,0.224445,0.227079,0.217708,1.55B,0.10%
9/22/2021,0.224454,0.200667,0.229903,0.200055,2.85B,11.91%
9/21/2021,0.200575,0.208631,0.218054,0.197964,2.07B,-3.38%
9/20/2021,0.2076,0.233002,0.233341,0.199436,1.84B,-10.89%
9/19/2021,0.232971,0.241403,0.241403,0.231002,916.50M,-3.48%
9/18/2021,0.241378,0.239885,0.2473,0.238086,1.00B,0.64%
9/17/2021,0.239833,0.241995,0.25947,0.23785,2.47B,-0.95%
9/16/2021,0.242142,0.247445,0.247758,0.233391,301.43M,-2.13%
9/15/2021,0.2474,0.240505,0.248172,0.238991,1.07B,2.94%
9/14/2021,0.240342,0.235832,0.241427,0.234381,865.61M,1.92%
9/13/2021,0.235823,0.250399,0.252095,0.228618,2.26B,-5.91%
9/12/2021,0.250623,0.241023,0.254923,0.238822,1.49B,4.01%
9/11/2021,0.240969,0.239602,0.247872,0.238205,1.08B,0.59%
9/10/2021,0.239565,0.25252,0.261582,0.235698,2.03B,-5.07%
9/9/2021,0.252357,0.256605,0.259262,0.249106,1.83B,-1.70%
9/8/2021,0.256726,0.254684,0.26318,0.2344,3.94B,0.95%
9/7/2021,0.254302,0.309001,0.311108,0.214585,7.93B,-17.70%
9/6/2021,0.309001,0.314424,0.319579,0.30016,2.45B,-1.72%
9/5/2021,0.314393,0.299221,0.315338,0.296339,2.37B,5.07%
9/4/2021,0.299222,0.296054,0.308458,0.293337,2.17B,1.07%
9/3/2021,0.296052,0.294805,0.30469,0.28807,2.32B,0.39%
9/2/2021,0.294913,0.294313,0.309234,0.291845,1.35B,0.20%
9/1/2021,0.294338,0.27823,0.294826,0.273119,2.04B,5.79%
8/31/2021,0.278231,0.271952,0.285737,0.269844,1.81B,2.31%
8/30/2021,0.271949,0.266995,0.283067,0.265025,1.84B,1.87%
8/29/2021,0.266967,0.271743,0.275714,0.262304,1.44B,-1.65%
8/28/2021,0.271453,0.289669,0.294277,0.270435,1.38B,-6.29%
8/27/2021,0.289678,0.263296,0.289685,0.260686,2.21B,10.02%
8/26/2021,0.263297,0.286751,0.289637,0.25916,2.51B,-8.19%
8/25/2021,0.286787,0.284455,0.292886,0.27668,2.57B,0.77%
8/24/2021,0.284593,0.312884,0.314331,0.27324,3.58B,-9.03%
8/23/2021,0.312856,0.308261,0.324251,0.306551,2.80B,1.49%
8/22/2021,0.308248,0.298475,0.309878,0.294557,2.13B,3.28%
8/21/2021,0.298471,0.313895,0.314285,0.294575,2.77B,-4.91%
8/20/2021,0.313874,0.316022,0.325941,0.309655,3.50B,-0.68%
8/19/2021,0.316035,0.297627,0.318375,0.290868,3.84B,6.20%
8/18/2021,0.297582,0.293421,0.318185,0.273458,6.75B,1.42%
8/17/2021,0.293424,0.305608,0.325908,0.288141,5.98B,-3.96%
8/16/2021,0.305509,0.337881,0.343586,0.300403,7.01B,-9.60%
8/15/2021,0.337953,0.291388,0.347427,0.284517,8.04B,15.94%
8/14/2021,0.291495,0.282953,0.296521,0.274654,4.99B,3.01%
8/13/2021,0.282977,0.252975,0.28351,0.250438,3.83B,11.92%
8/12/2021,0.252834,0.262339,0.292365,0.244789,6.57B,-3.63%
8/11/2021,0.262347,0.243086,0.279388,0.242043,5.68B,7.92%
8/10/2021,0.243097,0.253068,0.259113,0.231497,4.30B,-3.96%
8/9/2021,0.253129,0.239304,0.265243,0.230012,5.79B,5.76%
8/8/2021,0.239338,0.261231,0.281384,0.234218,9.09B,-8.40%
8/7/2021,0.261285,0.203419,0.261825,0.202309,8.13B,28.51%
8/6/2021,0.203313,0.199778,0.210519,0.197466,1.95B,1.77%
8/5/2021,0.199786,0.200273,0.201133,0.193166,1.46B,-0.24%
8/4/2021,0.200259,0.195401,0.202319,0.193463,1.36B,2.49%
8/3/2021,0.195388,0.20259,0.204225,0.192766,1.56B,-3.59%
8/2/2021,0.202657,0.203568,0.20915,0.201187,1.45B,-0.43%
8/1/2021,0.203542,0.206723,0.216822,0.200579,2.44B,-1.49%
7/31/2021,0.206627,0.207999,0.213619,0.204298,1.81B,-0.64%
7/30/2021,0.207947,0.202094,0.208185,0.193864,1.97B,2.90%
7/29/2021,0.202081,0.205102,0.205731,0.198838,1.33B,-1.46%
7/28/2021,0.205078,0.204922,0.212946,0.201256,2.60B,0.08%
7/27/2021,0.20491,0.203548,0.208467,0.194865,3.14B,0.67%
7/26/2021,0.203544,0.197623,0.23275,0.196598,7.23B,3.04%
7/25/2021,0.197533,0.189225,0.197656,0.189225,1.73B,1.75%
7/24/2021,0.194135,0.194342,0.198113,0.190867,2.12B,-0.07%
7/23/2021,0.194272,0.190824,0.198995,0.183208,2.07B,1.81%
7/22/2021,0.190819,0.190294,0.196036,0.186305,2.19B,0.33%
7/21/2021,0.1902,0.169995,0.213724,0.168116,6.99B,11.90%
7/20/2021,0.16998,0.172386,0.17795,0.159506,3.04B,-1.39%
7/19/2021,0.172381,0.179217,0.181502,0.169689,1.76B,-3.82%
7/18/2021,0.179223,0.186197,0.195538,0.178217,2.18B,-3.72%
7/17/2021,0.186148,0.171401,0.204383,0.168685,3.96B,8.61%
7/16/2021,0.171393,0.18457,0.187342,0.170699,1.94B,-7.13%
7/15/2021,0.18455,0.19727,0.200281,0.179943,1.57B,-6.46%
7/14/2021,0.197285,0.199349,0.204037,0.187339,1.95B,-1.04%
7/13/2021,0.199354,0.207023,0.207023,0.197284,1.41B,-3.70%
7/12/2021,0.207021,0.214899,0.217431,0.203465,1.22B,-3.56%
7/11/2021,0.214666,0.213362,0.218014,0.210114,827.39M,0.61%
7/10/2021,0.213355,0.219219,0.227071,0.209778,1.44B,-2.70%
7/9/2021,0.219272,0.207422,0.228825,0.195927,3.71B,5.71%
7/8/2021,0.207422,0.222249,0.222825,0.204676,2.35B,-6.67%
7/7/2021,0.222236,0.233139,0.236157,0.219121,1.48B,-4.68%
7/6/2021,0.233139,0.230679,0.241535,0.228784,1.58B,1.07%
7/5/2021,0.230667,0.241018,0.241018,0.224828,1.79B,-4.30%
7/4/2021,0.241031,0.246818,0.248907,0.088727,1.31B,-2.34%
7/3/2021,0.246818,0.24459,0.24919,0.241668,1.18B,0.92%
7/2/2021,0.244571,0.243118,0.247206,0.237999,1.80B,0.43%
7/1/2021,0.243534,0.253113,0.259426,0.237295,3.48B,-3.80%
6/30/2021,0.253155,0.261972,0.262796,0.237309,2.62B,-3.36%
6/29/2021,0.26196,0.255102,0.273184,0.250805,3.01B,2.69%
6/28/2021,0.255086,0.264244,0.266409,0.249685,2.76B,-3.32%
6/27/2021,0.263852,0.245715,0.266204,0.240106,3.12B,7.84%
6/26/2021,0.244672,0.237536,0.254761,0.230747,4.13B,2.99%
6/25/2021,0.237565,0.262855,0.288556,0.229007,9.17B,-9.61%
6/24/2021,0.262808,0.234948,0.268676,0.222169,5.72B,11.86%
6/23/2021,0.234934,0.19035,0.247364,0.181047,9.45B,23.42%
6/22/2021,0.190348,0.179103,0.216312,0.164609,12.28B,6.12%
6/21/2021,0.179371,0.279146,0.280051,0.16764,12.11B,-35.72%
6/20/2021,0.27903,0.281178,0.288347,0.254218,2.67B,-0.78%
6/19/2021,0.281223,0.291253,0.295581,0.281212,1.13B,-3.44%
6/18/2021,0.291253,0.302532,0.303863,0.278563,2.23B,-3.73%
6/17/2021,0.302527,0.304353,0.310874,0.299627,1.17B,-0.60%
6/16/2021,0.304355,0.31817,0.319177,0.302738,1.58B,-4.35%
6/15/2021,0.318183,0.326036,0.32869,0.314971,1.69B,-2.41%
6/14/2021,0.326031,0.321525,0.335614,0.317576,2.12B,1.41%
6/13/2021,0.321496,0.309628,0.326631,0.303964,1.66B,3.84%
6/12/2021,0.309604,0.316841,0.316841,0.299227,1.99B,-2.28%
6/11/2021,0.316842,0.325036,0.331803,0.310883,2.01B,-2.48%
6/10/2021,0.324914,0.342524,0.344416,0.321813,2.26B,-5.15%
6/9/2021,0.342546,0.326036,0.352889,0.312234,3.51B,5.07%
6/8/2021,0.326014,0.330335,0.34016,0.296348,4.84B,-1.11%
6/7/2021,0.329668,0.369419,0.377236,0.326892,3.31B,-10.73%
6/6/2021,0.369287,0.371029,0.375676,0.365641,1.81B,-0.48%
6/5/2021,0.371083,0.375948,0.392679,0.359655,3.84B,-1.29%
6/4/2021,0.37595,0.399356,0.399609,0.34992,6.71B,-5.86%
6/3/2021,0.399332,0.423221,0.440261,0.37731,7.34B,-5.62%
6/2/2021,0.42313,0.369067,0.4441,0.351944,12.20B,14.65%
6/1/2021,0.369066,0.323958,0.381584,0.310439,6.84B,13.93%
5/31/2021,0.323951,0.300772,0.327625,0.293505,2.89B,7.55%
5/30/2021,0.301199,0.302124,0.310034,0.286698,2.35B,-0.31%
5/29/2021,0.302128,0.310742,0.317036,0.279573,3.10B,-2.77%
5/28/2021,0.31073,0.332085,0.344428,0.30012,4.16B,-6.42%
5/27/2021,0.332046,0.350464,0.350524,0.32524,2.96B,-5.26%
5/26/2021,0.350483,0.345548,0.364539,0.336194,3.83B,1.45%
5/25/2021,0.345477,0.364394,0.379504,0.323238,6.50B,-5.20%
5/24/2021,0.364433,0.305975,0.369911,0.295792,8.16B,19.10%
5/23/2021,0.305984,0.341509,0.349669,0.249235,9.45B,-10.40%
5/22/2021,0.341484,0.358377,0.359675,0.317692,6.33B,-4.72%
5/21/2021,0.358401,0.397731,0.411212,0.315049,8.54B,-9.89%
5/20/2021,0.397741,0.330407,0.432618,0.297074,13.85B,20.40%
5/19/2021,0.330353,0.474719,0.477866,0.217528,19.28B,-30.41%
5/18/2021,0.474714,0.486444,0.512529,0.468941,4.75B,-2.40%
5/17/2021,0.486366,0.513062,0.514821,0.457331,6.84B,-5.20%
5/16/2021,0.513023,0.507796,0.547205,0.449635,8.26B,1.10%
5/15/2021,0.507448,0.559594,0.563262,0.493248,7.92B,-9.32%
5/14/2021,0.559581,0.486983,0.589075,0.464572,16.22B,14.93%
5/13/2021,0.48691,0.389257,0.514831,0.353838,16.69B,25.12%
5/12/2021,0.389159,0.493226,0.519039,0.385839,8.60B,-21.10%
5/11/2021,0.493231,0.449956,0.544636,0.44294,12.46B,9.61%
5/10/2021,0.449977,0.568689,0.568689,0.422392,15.36B,-20.87%
5/9/2021,0.568682,0.63533,0.697487,0.423602,37.25B,-10.36%
5/8/2021,0.634394,0.686914,0.738255,0.605162,16.92B,-7.64%
5/7/2021,0.68688,0.579819,0.729865,0.519357,18.81B,18.46%
5/6/2021,0.579839,0.653501,0.663006,0.541526,12.97B,-11.52%
5/5/2021,0.655355,0.559521,0.693839,0.536232,28.03B,17.24%
5/4/2021,0.559005,0.438349,0.594039,0.398416,31.90B,27.56%
5/3/2021,0.438244,0.372467,0.443181,0.372467,9.97B,17.68%
5/2/2021,0.372404,0.390686,0.399246,0.363912,8.20B,-4.67%
5/1/2021,0.390642,0.336657,0.396647,0.327317,11.34B,16.04%
4/30/2021,0.336635,0.303226,0.338327,0.300761,6.48B,11.01%
4/29/2021,0.30324,0.323591,0.323797,0.295612,6.74B,-6.29%
4/28/2021,0.323582,0.270696,0.343505,0.255591,21.22B,19.55%
4/27/2021,0.270668,0.270118,0.278347,0.264018,5.38B,0.32%
4/26/2021,0.269805,0.251192,0.279737,0.24739,7.90B,7.45%
4/25/2021,0.251103,0.269932,0.288841,0.224455,10.02B,-7.00%
4/24/2021,0.270017,0.24879,0.289165,0.229214,17.25B,8.56%
4/23/2021,0.248731,0.2608,0.269065,0.166312,27.91B,-4.63%
4/22/2021,0.26081,0.305718,0.308332,0.256061,17.34B,-14.67%
4/21/2021,0.305633,0.317922,0.346599,0.297108,15.48B,-3.80%
4/20/2021,0.317696,0.407451,0.422212,0.271758,33.27B,-22.01%
4/19/2021,0.407335,0.322197,0.433969,0.309128,31.68B,26.49%
4/18/2021,0.322037,0.282723,0.349748,0.239707,29.11B,14.23%
4/17/2021,0.281909,0.365389,0.378924,0.23201,39.28B,-22.88%
4/16/2021,0.365551,0.182628,0.449889,0.180132,83.39B,99.99%
4/15/2021,0.182784,0.121275,0.189446,0.120291,37.96B,50.63%
4/14/2021,0.121349,0.09425,0.144229,0.092535,57.29B,29.42%
4/13/2021,0.093763,0.070709,0.095671,0.070705,23.19B,32.59%
4/12/2021,0.070719,0.074205,0.075337,0.068792,8.90B,-4.63%
4/11/2021,0.07415,0.06368,0.079712,0.063402,24.47B,16.43%
4/10/2021,0.063688,0.061605,0.065016,0.060969,5.30B,3.42%
4/9/2021,0.061582,0.061754,0.063832,0.060536,4.13B,-0.28%
4/8/2021,0.061757,0.05873,0.062168,0.058705,3.86B,5.16%
4/7/2021,0.058728,0.064281,0.067151,0.057211,9.59B,-8.64%
4/6/2021,0.064283,0.059921,0.064989,0.058068,9.45B,7.23%
4/5/2021,0.059948,0.057393,0.060593,0.056318,5.22B,4.44%
4/4/2021,0.057401,0.055542,0.058122,0.055121,3.28B,3.32%
4/3/2021,0.055554,0.057567,0.05944,0.055553,4.08B,-3.50%
4/2/2021,0.05757,0.062093,0.062794,0.057285,8.10B,-7.31%
4/1/2021,0.062113,0.053742,0.070722,0.053723,26.14B,15.57%
3/31/2021,0.053744,0.054026,0.054484,0.051896,2.26B,-0.52%
3/30/2021,0.054027,0.054122,0.055567,0.053738,2.81B,-0.14%
3/29/2021,0.054102,0.053641,0.054673,0.05323,1.92B,0.87%
3/28/2021,0.053637,0.054436,0.054859,0.053046,1.42B,-1.45%
3/27/2021,0.054426,0.053976,0.055388,0.053456,2.39B,0.84%
3/26/2021,0.053973,0.051249,0.053988,0.051241,2.11B,5.29%
3/25/2021,0.051263,0.051501,0.05241,0.04965,3.47B,-0.48%
3/24/2021,0.05151,0.053431,0.056659,0.050887,3.00B,-3.61%
3/23/2021,0.053437,0.054913,0.056043,0.052797,2.81B,-2.72%
3/22/2021,0.054929,0.057475,0.057923,0.054801,2.42B,-4.42%
3/21/2021,0.057471,0.058829,0.059509,0.056763,2.57B,-2.31%
3/20/2021,0.058827,0.058263,0.060603,0.058042,3.43B,0.95%
3/19/2021,0.05827,0.05729,0.059825,0.056462,3.12B,1.70%
3/18/2021,0.057294,0.057878,0.05915,0.056997,2.56B,-1.01%
3/17/2021,0.05788,0.058606,0.058881,0.056567,2.39B,-1.25%
3/16/2021,0.058611,0.056968,0.05905,0.055365,3.91B,2.89%
3/15/2021,0.056965,0.058429,0.059736,0.055064,4.77B,-2.51%
3/14/2021,0.058431,0.062676,0.06351,0.058431,9.16B,-6.80%
3/13/2021,0.062694,0.055238,0.062739,0.054694,6.37B,13.45%
3/12/2021,0.055261,0.055896,0.056965,0.054298,3.66B,-1.13%
3/11/2021,0.055893,0.055877,0.056895,0.054398,3.39B,-0.01%
3/10/2021,0.0559,0.0579,0.058642,0.054554,4.71B,-3.58%
3/9/2021,0.057978,0.062851,0.062851,0.056009,8.67B,-7.75%
3/8/2021,0.062848,0.051888,0.062848,0.051622,13.64B,21.14%
3/7/2021,0.051881,0.050924,0.052248,0.050548,3.03B,1.86%
3/6/2021,0.050935,0.049523,0.052453,0.049256,5.28B,2.73%
3/5/2021,0.049584,0.049925,0.050877,0.048026,3.76B,-0.69%
3/4/2021,0.049927,0.050469,0.051118,0.047762,3.65B,-1.08%
3/3/2021,0.050474,0.050343,0.052153,0.050011,3.64B,0.39%
3/2/2021,0.050279,0.050582,0.052423,0.049198,4.67B,-0.59%
3/1/2021,0.050576,0.048134,0.05229,0.047929,5.22B,5.08%
2/28/2021,0.048129,0.050076,0.050176,0.044811,4.85B,-3.89%
2/27/2021,0.050076,0.050466,0.051993,0.049173,4.45B,-0.77%
2/26/2021,0.050463,0.049909,0.052537,0.048537,6.16B,0.84%
2/25/2021,0.050045,0.056663,0.05803,0.049862,9.27B,-11.67%
2/24/2021,0.056653,0.047663,0.0604,0.046065,19.49B,18.84%
2/23/2021,0.047673,0.053537,0.053774,0.041782,11.25B,-10.94%
2/22/2021,0.05353,0.056136,0.060737,0.046516,15.50B,-4.21%
2/21/2021,0.055881,0.054196,0.059292,0.05335,10.29B,3.23%
2/20/2021,0.054135,0.055044,0.060455,0.051115,14.03B,-1.64%
2/19/2021,0.055036,0.059117,0.059628,0.054075,11.88B,-6.93%
2/18/2021,0.059134,0.049469,0.063482,0.04897,21.38B,19.54%
2/17/2021,0.049467,0.053513,0.055054,0.04796,10.52B,-7.56%
2/16/2021,0.053513,0.056427,0.05981,0.050815,11.60B,-5.19%
2/15/2021,0.056442,0.062639,0.064003,0.047653,19.30B,-9.89%
2/14/2021,0.062639,0.066244,0.066392,0.055785,13.80B,-5.45%
2/13/2021,0.066249,0.069815,0.071703,0.065915,7.32B,-5.07%
2/12/2021,0.069791,0.06978,0.07272,0.061285,13.24B,0.26%
2/11/2021,0.069611,0.07258,0.074843,0.068152,11.23B,-4.10%
2/10/2021,0.072584,0.070015,0.081396,0.067081,22.67B,3.67%
2/9/2021,0.070012,0.078782,0.083567,0.064053,22.36B,-11.14%
2/8/2021,0.078793,0.077936,0.085037,0.063839,38.11B,0.36%
2/7/2021,0.078508,0.057506,0.086356,0.053464,54.23B,36.62%
2/6/2021,0.057465,0.046788,0.058646,0.044505,26.40B,22.83%
2/5/2021,0.046783,0.052933,0.054033,0.043289,27.11B,-11.64%
2/4/2021,0.052944,0.03734,0.059081,0.035919,72.24B,41.77%
2/3/2021,0.037345,0.031297,0.039651,0.031031,20.28B,19.33%
2/2/2021,0.031296,0.034784,0.035142,0.029054,19.70B,-9.82%
2/1/2021,0.034705,0.036826,0.0437,0.033096,39.34B,-5.80%
1/31/2021,0.036841,0.028199,0.048998,0.026909,65.01B,30.66%
1/30/2021,0.028197,0.045859,0.050499,0.022269,77.24B,-39.49%
1/29/2021,0.046597,0.036085,0.07797,0.03234,146.80B,28.49%
1/28/2021,0.036265,0.007415,0.037902,0.007415,12.41B,387.36%
1/27/2021,0.007441,0.008244,0.008245,0.007268,2.01B,-9.70%
1/26/2021,0.00824,0.008349,0.008454,0.008014,1.47B,-1.35%
1/25/2021,0.008353,0.008714,0.008899,0.008259,2.07B,-4.14%
1/24/2021,0.008714,0.008571,0.008955,0.008504,1.84B,1.67%
1/23/2021,0.008571,0.008516,0.008801,0.008359,1.79B,0.65%
1/22/2021,0.008516,0.008167,0.008751,0.007571,2.47B,4.20%
1/21/2021,0.008172,0.009055,0.009099,0.008049,2.88B,-9.75%
1/20/2021,0.009055,0.00905,0.009141,0.008506,2.65B,0.02%
1/19/2021,0.009053,0.009173,0.009655,0.009,3.51B,-1.29%
1/18/2021,0.009172,0.009094,0.009302,0.008949,2.48B,0.86%
1/17/2021,0.009094,0.009235,0.009365,0.008806,3.07B,-1.52%
1/16/2021,0.009235,0.00937,0.009546,0.009095,3.59B,-1.48%
1/15/2021,0.009373,0.009398,0.009827,0.008373,6.69B,-0.28%
1/14/2021,0.0094,0.008672,0.010064,0.008329,7.54B,8.43%
1/13/2021,0.008669,0.008068,0.008669,0.007779,3.98B,7.47%
1/12/2021,0.008066,0.008824,0.009136,0.007848,5.99B,-8.63%
1/11/2021,0.008828,0.009829,0.009846,0.006727,11.36B,-10.20%
1/10/2021,0.009831,0.010159,0.01085,0.009056,8.01B,-3.22%
1/9/2021,0.010158,0.009753,0.010687,0.009658,6.61B,4.15%
1/8/2021,0.009753,0.009728,0.010253,0.008834,5.48B,0.29%
1/7/2021,0.009724,0.010443,0.010497,0.008972,7.15B,-6.88%
1/6/2021,0.010443,0.00996,0.010968,0.009652,16.84B,4.87%
1/5/2021,0.009958,0.009784,0.010319,0.008866,15.37B,1.82%
1/4/2021,0.00978,0.009845,0.011493,0.007623,38.72B,-0.71%
1/3/2021,0.00985,0.010493,0.013928,0.009381,71.68B,-6.09%
1/2/2021,0.010489,0.005667,0.014008,0.005553,100.85B,85.27%
1/1/2021,0.005661,0.004666,0.005676,0.004606,8.41B,21.33%
